score,trades,win_rate,total_pnl,max_drawdown,profit_factor,note,sma_period,wpr_m15_period,wpr_m1_period,wpr_m15_sell_extreme,wpr_m15_buy_extreme,wpr_m15_trigger,wpr_m1_sell_extreme,wpr_m1_buy_extreme,wpr_m1_trigger,atr_period,sl_atr_mult,tp_rr_ratio,breakeven_pct,trail_activation_pips,trail_distance_pips,max_open_slots,max_spread_atr_ratio,atr_min_pct,atr_max_pct,trade_hour_start,trade_hour_end,skip_monday_hours,skip_friday_hour
338.26,251,0.4781,461.49,0.0875,2.773,,60,17,7,-5,-85,-70,-15,-65,-35,14,1.25,2.5,0.4,8,13,2,0.05,0.7,1.4,4,22,0,22
320.94,298,0.4362,507.72,0.0789,2.829,,60,16,7,-5,-85,-70,-25,-65,-35,13,1.25,2.5,0.4,8,15,2,0.05,0.7,1.4,4,22,0,21
304.03,158,0.519,381.18,0.0528,3.826,,60,17,7,-5,-90,-70,-15,-65,-30,14,1.25,2.5,0.4,8,13,2,0.05,0.7,1.2,3,22,0,22
301.17,262,0.4466,456.74,0.076,2.81,,60,16,7,-5,-85,-70,-20,-65,-35,13,1.25,2.5,0.4,8,14,2,0.05,0.7,1.4,4,22,0,21
296.43,103,0.6019,321.84,0.0217,5.822,,60,16,9,-5,-90,-70,-15,-65,-30,14,1.0,2.5,0.4,6,12,2,0.05,0.7,1.2,3,21,0,22
295.25,154,0.513,371.26,0.0481,3.901,,60,17,8,-5,-90,-70,-15,-65,-30,14,1.25,2.5,0.4,8,13,2,0.05,0.7,1.2,4,22,0,22
279.51,268,0.4403,449.72,0.0747,2.71,,60,17,7,-5,-85,-70,-20,-65,-40,13,1.25,2.5,0.4,8,13,2,0.05,0.7,1.4,4,22,0,21
271.61,271,0.428,410.39,0.0811,2.529,,60,17,7,-5,-85,-70,-15,-65,-35,13,1.25,2.5,0.4,8,13,2,0.05,0.7,1.4,4,22,0,22
271.61,271,0.428,410.39,0.0811,2.529,,60,17,7,-5,-85,-70,-15,-65,-35,13,1.25,2.5,0.4,8,13,2,0.05,0.7,1.4,4,22,0,22
271.24,164,0.4939,362.07,0.0426,3.689,,60,16,8,-5,-90,-70,-15,-65,-30,14,1.0,2.5,0.4,8,13,2,0.05,0.7,1.2,3,22,0,22
269.59,298,0.4228,456.6,0.0623,2.57,,60,17,7,-5,-85,-70,-15,-65,-35,13,1.25,2.5,0.4,8,13,2,0.05,0.7,1.4,4,23,0,22
267.65,271,0.4133,408.87,0.0813,2.524,,60,17,7,-5,-85,-70,-15,-65,-35,13,1.25,2.5,0.4,8,14,2,0.05,0.7,1.4,5,22,2,22
267.65,271,0.4133,408.87,0.0813,2.524,,60,17,7,-5,-85,-70,-15,-65,-35,13,1.25,2.5,0.4,8,14,2,0.05,0.7,1.4,4,22,0,22
267.65,271,0.4133,408.87,0.0813,2.524,,60,17,7,-5,-85,-70,-15,-65,-35,13,1.25,2.5,0.4,8,14,2,0.05,0.7,1.4,4,22,0,22
267.65,271,0.4133,408.87,0.0813,2.524,,60,17,7,-5,-85,-70,-15,-65,-35,13,1.25,2.5,0.4,8,15,2,0.05,0.7,1.4,4,22,0,22
267.65,271,0.4133,408.87,0.0813,2.524,,60,17,7,-5,-85,-70,-15,-65,-35,13,1.25,2.5,0.4,8,14,2,0.05,0.7,1.4,4,22,0,22
265.89,298,0.4094,454.84,0.0623,2.564,,60,17,7,-5,-85,-70,-15,-65,-35,13,1.25,2.5,0.4,8,15,2,0.05,0.7,1.4,6,23,0,22
265.89,298,0.4094,454.84,0.0623,2.564,,60,17,7,-5,-85,-70,-15,-65,-35,13,1.25,2.5,0.4,8,15,2,0.05,0.7,1.4,8,23,0,22
255.39,294,0.4048,413.96,0.081,2.415,,60,17,8,-5,-85,-70,-20,-65,-35,13,1.25,2.5,0.4,8,13,2,0.05,0.7,1.4,4,22,0,23
250.85,242,0.4215,362.15,0.0893,2.543,,60,16,7,-5,-85,-70,-15,-65,-35,13,1.25,2.5,0.4,8,15,2,0.05,0.7,1.4,7,23,0,22
247.82,263,0.4068,364.16,0.0841,2.411,,60,17,7,-5,-85,-70,-15,-65,-35,12,1.25,2.5,0.4,8,13,2,0.05,0.7,1.4,5,22,0,22
247.82,263,0.4068,364.16,0.0841,2.411,,60,17,7,-5,-85,-70,-15,-65,-35,12,1.25,2.5,0.4,8,13,2,0.05,0.7,1.4,5,22,0,22
240.49,151,0.4901,317.97,0.0461,3.284,,60,16,8,-5,-90,-70,-15,-65,-30,14,1.25,2.5,0.4,8,12,2,0.05,0.7,1.2,3,22,0,22
229.79,196,0.4286,313.59,0.0737,2.663,,60,17,8,-5,-85,-70,-15,-65,-30,14,1.25,2.5,0.4,8,13,2,0.05,0.7,1.2,4,22,0,22
229.79,196,0.4286,313.59,0.0737,2.663,,60,17,8,-5,-85,-70,-15,-65,-30,14,1.25,2.5,0.4,8,13,2,0.05,0.7,1.2,4,22,0,22
229.79,196,0.4286,313.59,0.0737,2.663,,60,17,8,-5,-85,-70,-15,-65,-30,14,1.25,2.5,0.4,8,13,2,0.05,0.7,1.2,4,22,0,22
229.79,196,0.4286,313.59,0.0737,2.663,,60,17,8,-5,-85,-70,-15,-65,-30,14,1.25,2.5,0.4,8,13,2,0.05,0.7,1.2,4,22,0,22
224.72,239,0.41,313.37,0.0995,2.293,,60,16,7,-5,-85,-70,-15,-65,-35,12,1.25,2.5,0.4,8,13,2,0.05,0.7,1.4,4,23,0,22
224.71,239,0.41,313.36,0.0995,2.293,,60,16,7,-5,-85,-70,-15,-65,-35,12,1.25,2.5,0.4,8,15,2,0.05,0.7,1.4,8,23,0,22
224.66,239,0.41,313.32,0.0995,2.293,,60,16,7,-5,-85,-70,-15,-65,-35,12,1.25,2.5,0.4,8,14,2,0.05,0.7,1.4,4,23,0,22
221.76,304,0.3783,406.65,0.0655,2.392,,60,17,6,-5,-85,-70,-15,-65,-35,13,1.25,2.5,0.4,8,14,2,0.05,0.7,1.4,5,24,0,22
221.76,304,0.3783,406.65,0.0655,2.392,,60,17,6,-5,-85,-70,-15,-65,-35,13,1.25,2.5,0.4,10,15,2,0.05,0.7,1.4,8,23,0,22
220.13,237,0.4051,333.5,0.0862,2.403,,60,16,7,-5,-85,-70,-15,-65,-35,13,1.25,2.5,0.4,8,15,2,0.05,0.7,1.4,4,22,0,22
213.19,264,0.3939,350.31,0.0924,2.234,,50,19,9,-20,-85,-70,-20,-65,-35,13,1.25,2.5,0.4,8,13,2,0.05,0.7,1.4,4,22,0,24
207.79,129,0.5039,273.93,0.0386,3.241,,70,14,14,-5,-90,-65,-15,-80,-30,14,1.0,2.5,0.4,6,12,2,0.05,0.7,1.2,3,21,0,22
198.77,306,0.3627,317.44,0.0982,2.102,,60,18,9,-10,-85,-70,-20,-65,-40,13,1.25,2.5,0.4,8,13,2,0.05,0.7,1.4,4,22,0,23
197.14,195,0.4205,277.85,0.0613,2.339,,80,14,12,-5,-90,-65,-15,-65,-30,14,1.0,2.5,0.4,6,12,2,0.05,0.7,1.2,3,21,0,22
193.89,149,0.4564,250.49,0.0572,2.615,,80,14,14,-5,-90,-65,-15,-80,-30,14,1.0,2.5,0.4,6,12,2,0.05,0.7,1.2,3,21,0,22
190.47,249,0.3815,325.38,0.0803,2.33,,60,16,10,-5,-85,-70,-20,-65,-35,13,1.25,2.5,0.4,8,14,2,0.05,0.7,1.4,4,22,0,21
190.32,268,0.3731,306.18,0.0663,2.095,,50,16,6,-5,-85,-70,-20,-65,-35,14,1.25,2.5,0.4,8,14,2,0.05,0.7,1.4,6,22,0,22
186.32,180,0.5611,278.58,0.0249,2.8,,90,17,17,-5,-75,-65,-15,-80,-30,15,1.5,2.25,0.4,6,4,2,0.05,0.8,1.2,3,21,3,22
183.28,244,0.4098,312.05,0.077,2.146,,60,16,8,-5,-85,-70,-25,-65,-35,13,1.25,2.5,0.7,8,13,2,0.05,0.7,1.4,4,22,0,22
183.28,104,0.4904,229.16,0.0295,4.085,,60,18,7,-5,-90,-70,-15,-65,-30,14,1.25,2.5,0.4,8,13,2,0.05,0.7,1.2,4,22,0,22
182.96,214,0.3925,246.31,0.0693,2.054,,80,14,12,-5,-90,-65,-15,-65,-30,14,1.0,2.5,0.4,6,12,2,0.05,0.7,1.2,3,22,0,22
179.37,132,0.4621,258.75,0.0436,3.211,,60,16,12,-5,-90,-70,-15,-65,-30,14,1.0,2.5,0.4,8,13,2,0.05,0.7,1.2,3,22,0,22
179.37,132,0.4621,258.75,0.0436,3.211,,60,16,12,-5,-90,-70,-15,-65,-30,14,1.0,2.5,0.4,8,13,2,0.05,0.7,1.2,3,22,0,22
179.37,132,0.4621,258.75,0.0436,3.211,,60,16,12,-5,-90,-70,-15,-65,-30,14,1.0,2.5,0.4,8,12,2,0.05,0.7,1.2,3,22,0,22
178.87,224,0.4018,297.19,0.0763,2.183,,50,17,7,-5,-85,-70,-20,-65,-35,13,1.25,2.5,0.4,8,14,2,0.05,0.7,1.4,4,22,0,21
176.49,82,0.5488,193.75,0.0352,3.331,,60,16,15,-5,-90,-65,-15,-65,-30,14,1.0,2.5,0.4,6,12,2,0.05,0.7,1.2,3,21,0,22
173.79,313,0.3578,347.45,0.0677,2.06,,60,17,6,-5,-85,-70,-15,-65,-40,13,1.25,2.5,0.4,8,14,2,0.05,0.7,1.4,5,24,0,22
173.78,306,0.3595,304.05,0.1091,1.911,,60,17,7,-5,-85,-70,-20,-65,-45,13,1.25,2.5,0.4,8,13,2,0.05,0.7,1.4,4,22,0,23
173.55,218,0.5046,186.27,0.0814,2.001,,80,16,18,-5,-75,-65,-15,-80,-30,15,2.0,2.5,0.4,6,9,2,0.05,0.7,1.2,2,21,3,22
171.78,223,0.4036,274.28,0.0931,2.147,,60,15,7,-5,-85,-70,-15,-65,-35,13,1.25,2.5,0.4,8,13,2,0.05,0.7,1.4,5,23,0,22
171.57,139,0.446,214.3,0.0572,2.382,,80,14,15,-5,-90,-65,-15,-80,-30,14,1.0,2.5,0.4,6,12,2,0.05,0.7,1.2,3,21,3,22
171.57,139,0.446,214.3,0.0572,2.382,,80,14,15,-5,-90,-65,-15,-80,-30,14,1.0,2.5,0.4,6,12,2,0.05,0.7,1.2,3,21,0,22
171.57,139,0.446,214.3,0.0572,2.382,,80,14,15,-5,-90,-65,-15,-80,-30,14,1.0,2.5,0.4,6,12,2,0.05,0.7,1.2,3,21,0,22
171.57,139,0.446,214.3,0.0572,2.382,,80,14,15,-5,-90,-65,-15,-80,-30,14,1.0,2.5,0.4,6,12,2,0.05,0.7,1.2,3,21,0,22
169.25,309,0.5243,360.22,0.0292,2.236,,90,14,4,-5,-75,-65,-15,-90,-30,15,1.5,2.25,0.4,6,4,2,0.05,0.8,1.2,3,21,3,22
168.94,238,0.3739,271.4,0.0704,2.061,,50,16,7,-5,-85,-70,-20,-65,-35,13,1.25,2.5,0.4,8,15,2,0.05,0.7,1.4,5,22,0,23
168.41,183,0.4098,228.72,0.0706,2.086,,80,14,14,-5,-90,-65,-15,-65,-30,14,1.0,2.5,0.4,6,12,2,0.05,0.7,1.2,3,21,0,22
168.41,183,0.4098,228.72,0.0706,2.086,,80,14,14,-5,-90,-65,-15,-65,-30,14,1.0,2.5,0.4,6,12,2,0.05,0.7,1.2,3,21,0,22
168.41,183,0.4098,228.72,0.0706,2.086,,80,14,14,-5,-90,-65,-15,-65,-30,14,1.0,2.5,0.4,6,13,2,0.05,0.7,1.2,3,21,0,22
168.41,183,0.4098,228.72,0.0706,2.086,,80,14,14,-5,-90,-65,-15,-65,-30,14,1.0,2.5,0.4,6,13,2,0.05,0.7,1.2,3,21,0,22
168.41,183,0.4098,228.72,0.0706,2.086,,80,14,14,-5,-90,-65,-15,-65,-30,14,1.0,2.5,0.4,6,12,2,0.05,0.7,1.2,3,21,0,22
167.23,152,0.4474,244.78,0.0486,2.51,,70,14,14,-5,-90,-65,-15,-65,-30,14,1.0,2.5,0.4,6,11,2,0.05,0.7,1.2,3,21,0,22
166.45,272,0.375,269.61,0.0822,1.971,,50,16,6,-5,-85,-70,-20,-65,-35,13,1.25,2.5,0.4,8,14,2,0.05,0.7,1.6,5,22,0,21
165.48,180,0.3778,228.01,0.0762,2.268,,60,17,9,-5,-85,-70,-15,-65,-30,14,1.25,2.5,0.4,8,13,2,0.05,0.7,1.2,4,22,0,22
165.0,133,0.4812,228.69,0.0558,2.494,,80,14,17,-5,-90,-65,-15,-80,-30,15,1.0,2.5,0.4,6,12,2,0.05,0.7,1.2,3,21,3,22
158.87,367,0.3787,394.43,0.0958,2.015,,60,17,8,-5,-85,-70,-25,-65,-35,13,1.25,2.5,0.4,10,13,2,0.05,0.6000000000000001,1.6,4,22,0,21
154.71,176,0.4091,209.87,0.0668,1.998,,80,14,15,-5,-90,-65,-15,-65,-30,14,1.0,2.5,0.4,6,12,2,0.05,0.7,1.2,3,21,0,22
154.71,176,0.4091,209.87,0.0668,1.998,,80,14,15,-5,-90,-65,-15,-65,-30,14,1.0,2.5,0.4,6,12,2,0.05,0.7,1.2,3,21,0,22
154.71,176,0.4091,209.87,0.0668,1.998,,80,14,15,-5,-90,-65,-15,-65,-30,14,1.0,2.5,0.4,6,12,2,0.05,0.7,1.2,3,21,0,22
154.71,176,0.4091,209.87,0.0668,1.998,,80,14,15,-5,-90,-65,-15,-65,-30,14,1.0,2.5,0.4,6,12,2,0.05,0.7,1.2,3,21,0,22
154.71,176,0.4091,209.87,0.0668,1.998,,80,14,15,-5,-90,-65,-15,-65,-30,14,1.0,2.5,0.4,6,12,2,0.05,0.7,1.2,3,21,0,22
153.64,198,0.4242,271.6,0.0637,2.288,,60,18,7,-5,-85,-70,-15,-65,-35,14,1.25,2.5,0.4,8,15,2,0.05,0.7,1.4,4,22,1,22
153.56,186,0.4032,225.89,0.0678,2.183,,90,14,14,-5,-90,-65,-15,-65,-30,14,1.0,2.5,0.4,6,11,2,0.05,0.7,1.2,3,21,0,22
153.56,186,0.4032,225.89,0.0678,2.183,,90,14,14,-5,-90,-65,-15,-65,-30,14,1.0,2.5,0.4,6,11,2,0.05,0.7,1.2,3,21,0,22
153.56,186,0.4032,225.89,0.0678,2.183,,90,14,14,-5,-90,-65,-15,-65,-30,14,1.0,2.5,0.4,6,11,2,0.05,0.7,1.2,3,21,0,22
153.56,186,0.4032,225.89,0.0678,2.183,,90,14,14,-5,-90,-65,-15,-65,-30,14,1.0,2.5,0.4,6,11,2,0.05,0.7,1.2,3,21,0,22
153.56,186,0.4032,225.89,0.0678,2.183,,90,14,14,-5,-90,-65,-15,-65,-30,14,1.0,2.5,0.4,6,11,2,0.05,0.7,1.2,3,21,0,22
153.56,186,0.4032,225.89,0.0678,2.183,,90,14,14,-5,-90,-65,-15,-65,-30,14,1.0,2.5,0.4,6,11,2,0.05,0.7,1.2,3,21,0,22
153.56,186,0.4032,225.89,0.0678,2.183,,90,14,14,-5,-90,-65,-15,-65,-30,14,1.0,2.5,0.4,6,11,2,0.05,0.7,1.2,3,21,0,22
153.56,186,0.4032,225.89,0.0678,2.183,,90,14,14,-5,-90,-65,-15,-65,-30,14,1.0,2.5,0.4,6,11,2,0.05,0.7,1.2,3,21,0,22
152.91,150,0.4067,240.5,0.0286,2.895,,60,16,9,-5,-90,-65,-15,-65,-30,13,1.25,2.5,0.4,8,12,2,0.05,0.7,1.2,3,22,0,22
152.8,245,0.3429,229.41,0.0994,1.845,,50,17,7,-5,-85,-70,-15,-65,-35,13,1.25,2.5,0.4,8,15,2,0.05,0.7,1.4,7,23,0,22
151.81,284,0.3486,339.14,0.0712,2.124,,60,17,7,-5,-85,-70,-15,-65,-35,12,1.25,2.75,0.4,8,14,2,0.05,0.7,1.4,4,23,4,22
150.84,160,0.4062,211.5,0.0547,2.197,,70,15,14,-5,-90,-65,-15,-65,-30,14,1.0,2.5,0.4,6,12,2,0.05,0.7,1.2,3,21,0,22
148.56,232,0.444,218.44,0.0647,2.007,,80,17,18,-5,-75,-65,-15,-80,-30,15,1.5,2.5,0.4,6,7,2,0.05,0.7,1.4,2,21,3,22
147.89,213,0.3615,224.28,0.0759,1.975,,50,16,7,-5,-85,-70,-15,-65,-35,13,1.25,2.5,0.4,8,14,2,0.05,0.7,1.4,4,22,0,23
146.37,229,0.3668,218.29,0.0894,1.814,,50,17,7,-5,-85,-70,-15,-65,-35,13,1.25,2.5,0.4,8,13,2,0.05,0.7,1.4,4,22,0,22
145.25,229,0.3537,217.12,0.0894,1.81,,50,17,7,-5,-85,-70,-15,-65,-35,13,1.25,2.5,0.4,8,14,2,0.05,0.7,1.4,4,22,0,22
143.77,282,0.3298,199.06,0.1208,1.638,,50,17,7,-5,-85,-70,-15,-65,-35,13,1.25,2.5,0.4,8,15,7,0.05,0.7,1.6,8,23,0,22
143.17,134,0.403,162.88,0.0691,2.064,,80,15,15,-5,-90,-65,-15,-80,-30,14,1.0,2.5,0.4,6,12,2,0.05,0.7,1.2,3,21,0,22
143.17,134,0.403,162.88,0.0691,2.064,,80,15,15,-5,-90,-65,-15,-80,-30,14,1.0,2.5,0.4,6,12,2,0.05,0.7,1.2,3,21,3,22
142.35,250,0.348,207.6,0.1061,1.747,,50,16,7,-5,-85,-70,-20,-65,-35,12,1.25,2.5,0.4,8,15,3,0.05,0.7,1.4,8,23,0,22
141.27,128,0.4219,214.06,0.0434,2.844,,60,16,13,-5,-90,-70,-15,-65,-30,14,1.0,2.5,0.4,8,13,2,0.05,0.7,1.2,3,22,0,22
140.71,179,0.4022,208.56,0.0681,2.091,,90,14,15,-5,-90,-65,-15,-65,-30,14,1.0,2.5,0.4,6,12,2,0.05,0.7,1.2,3,21,0,22
139.95,144,0.4306,208.93,0.0487,2.287,,70,14,15,-5,-90,-65,-15,-65,-30,14,1.0,2.5,0.4,6,12,2,0.05,0.7,1.2,3,21,0,22
138.31,398,0.4271,292.69,0.0557,1.694,,70,12,4,-5,-75,-60,-15,-80,-30,16,1.5,2.25,0.4,6,4,2,0.05,0.8,1.2,4,21,3,22
137.23,324,0.3333,263.16,0.1096,1.772,,60,17,8,-5,-85,-70,-20,-65,-35,13,1.25,2.5,0.4,8,14,2,0.05,0.7,2.0,6,22,0,22
135.77,184,0.3641,164.48,0.0749,1.741,,80,15,15,-5,-90,-65,-15,-65,-30,14,1.0,2.5,0.4,6,12,2,0.05,0.7,1.2,3,21,0,22
135.77,184,0.3641,164.48,0.0749,1.741,,80,15,15,-5,-90,-65,-15,-65,-30,14,1.0,2.5,0.4,6,12,2,0.05,0.7,1.2,3,21,0,22
135.77,184,0.3641,164.48,0.0749,1.741,,80,15,15,-5,-90,-65,-15,-65,-30,14,1.0,2.5,0.4,6,13,2,0.05,0.7,1.2,3,21,0,22
135.45,221,0.3801,236.26,0.0857,1.954,,60,16,8,-5,-85,-70,-15,-65,-35,12,1.25,2.5,0.4,8,15,2,0.05,0.7,1.6,8,24,0,22
133.42,255,0.3529,230.26,0.0926,1.821,,60,16,6,-5,-85,-70,-15,-65,-40,13,1.25,2.5,0.4,8,13,2,0.05,0.7,1.4,4,22,0,22
133.31,205,0.3463,213.53,0.0539,2.041,,70,14,8,-5,-90,-70,-15,-65,-30,13,1.0,2.5,0.4,6,12,2,0.05,0.7,1.2,3,21,0,22
132.4,134,0.4328,207.15,0.0391,2.391,,60,15,14,-5,-90,-65,-15,-65,-30,14,1.0,2.5,0.4,6,12,2,0.05,0.7,1.2,8,21,0,22
132.07,195,0.3846,232.09,0.0522,2.21,,60,18,7,-5,-85,-70,-20,-65,-35,13,1.25,2.5,0.4,8,14,2,0.05,0.7,1.4,4,22,0,20
131.45,276,0.3659,272.37,0.0682,1.854,,60,17,7,-5,-85,-70,-10,-65,-35,12,1.25,2.5,0.4,8,15,2,0.05,0.7,1.6,7,23,0,22
130.65,222,0.3649,214.35,0.0941,1.821,,50,17,7,-5,-85,-70,-15,-65,-35,12,1.25,2.5,0.4,8,13,2,0.05,0.7,1.4,5,22,0,22
130.65,222,0.3649,214.35,0.0941,1.821,,50,17,7,-5,-85,-70,-15,-65,-35,12,1.25,2.5,0.4,8,14,2,0.05,0.7,1.4,12,22,0,22
129.17,125,0.432,165.46,0.0611,2.09,,80,15,17,-5,-90,-65,-15,-80,-30,15,1.0,2.5,0.4,6,12,2,0.05,0.7,1.2,3,21,3,22
128.41,225,0.3422,187.67,0.1052,1.76,,50,16,7,-5,-85,-70,-15,-65,-35,12,1.25,2.5,0.4,8,13,2,0.05,0.7,1.4,4,23,0,22
128.41,225,0.3422,187.67,0.1052,1.76,,50,16,7,-5,-85,-70,-15,-65,-35,12,1.25,2.5,0.4,8,14,2,0.05,0.7,1.4,4,23,0,22
128.38,229,0.345,220.94,0.1054,1.924,,60,16,8,-5,-85,-70,-15,-65,-35,13,1.25,2.5,0.4,8,15,2,0.05,0.7,1.4,7,24,0,22
125.87,286,0.3322,273.05,0.0694,1.902,,60,17,8,-5,-85,-70,-15,-65,-35,13,1.25,2.5,0.4,10,14,2,0.05,0.7,1.4,4,24,0,22
123.6,250,0.336,204.02,0.0823,1.694,,50,17,8,-5,-85,-70,-20,-65,-35,13,1.25,2.5,0.4,8,13,2,0.05,0.7,1.4,5,22,0,22
121.95,131,0.3817,133.48,0.0714,1.848,,80,15,16,-5,-90,-65,-15,-80,-30,14,1.0,2.5,0.4,6,12,2,0.05,0.7,1.2,3,21,0,22
120.27,72,0.5139,143.53,0.0329,2.732,,60,16,16,-5,-90,-65,-15,-70,-30,14,1.0,2.5,0.4,6,12,2,0.05,0.7,1.2,4,21,0,22
118.92,150,0.38,161.56,0.0574,1.924,,70,15,15,-5,-90,-65,-15,-65,-30,14,1.0,2.5,0.4,6,12,2,0.05,0.7,1.2,3,21,0,22
118.92,150,0.38,161.56,0.0574,1.924,,70,15,15,-5,-90,-65,-15,-65,-30,14,1.0,2.5,0.4,6,12,2,0.05,0.7,1.2,3,21,0,22
116.69,409,0.3399,294.63,0.1176,1.604,,60,19,7,-25,-85,-70,-15,-65,-35,14,1.25,2.5,0.4,8,13,2,0.05,0.7,1.4,4,22,0,22
114.48,244,0.3115,164.5,0.103,1.568,,50,17,7,-5,-85,-70,-15,-65,-40,13,1.25,2.5,0.4,8,14,2,0.05,0.7,1.4,4,23,0,22
114.48,209,0.3732,228.58,0.0474,2.056,,60,19,7,-5,-85,-70,-20,-65,-35,13,1.25,2.5,0.4,8,14,8,0.05,0.7,1.4,4,22,0,22
114.22,188,0.3564,203.52,0.0488,2.066,,80,15,11,-5,-90,-65,-15,-70,-30,14,1.25,2.5,0.4,6,13,2,0.05,0.7,1.2,3,21,0,22
112.74,245,0.3347,224.07,0.09,1.857,,60,16,8,-5,-85,-70,-15,-65,-40,13,1.25,2.5,0.4,8,14,2,0.05,0.7,1.4,4,22,0,21
112.7,132,0.4091,156.06,0.064,1.961,,80,15,16,-5,-90,-65,-15,-80,-30,15,1.0,2.5,0.4,6,12,2,0.05,0.7,1.2,3,21,3,22
109.35,279,0.3262,194.34,0.109,1.644,,60,17,8,-5,-85,-70,-15,-65,-35,13,1.25,2.5,0.4,8,13,2,0.05,0.7,1.6,5,22,0,22
108.03,273,0.348,262.0,0.0669,1.86,,60,17,8,-5,-85,-70,-15,-65,-35,12,1.25,2.5,0.4,8,15,2,0.05,0.7,1.4,9,24,0,22
107.52,112,0.4196,171.54,0.044,2.488,,50,17,7,-5,-90,-70,-15,-65,-30,14,1.25,2.5,0.4,8,13,2,0.05,0.7,1.2,4,22,0,22
106.26,238,0.3403,231.1,0.0511,1.904,,60,19,7,-5,-85,-70,-15,-65,-35,13,1.25,2.5,0.4,8,15,2,0.05,0.7,1.4,6,23,0,22
103.93,294,0.4626,125.28,0.0988,1.438,,80,16,18,-5,-75,-65,-15,-80,-30,15,2.0,2.5,0.4,6,8,2,0.05,0.7,1.4,2,21,3,22
103.82,127,0.4016,146.82,0.0613,1.966,,80,15,18,-5,-90,-65,-15,-80,-30,15,1.0,2.5,0.4,6,12,2,0.05,0.7,1.2,3,21,3,22
103.82,127,0.4016,146.82,0.0613,1.966,,80,15,18,-5,-90,-65,-15,-80,-30,15,1.0,2.5,0.4,6,12,2,0.05,0.7,1.2,3,21,3,22
100.72,155,0.3484,190.45,0.0372,2.428,,50,21,8,-5,-85,-70,-15,-65,-35,20,1.25,2.5,0.4,8,13,2,0.05,0.7,1.4,5,23,0,22
99.31,141,0.4113,187.33,0.0443,2.258,,60,18,7,-5,-90,-70,-15,-65,-30,14,1.25,2.5,0.4,8,14,2,0.05,0.7,1.4,4,22,0,22
99.31,278,0.4748,138.43,0.0715,1.516,,80,14,18,-5,-75,-65,-15,-80,-30,15,2.0,2.5,0.4,6,9,2,0.05,0.7,1.4,2,21,3,22
98.93,222,0.3468,183.14,0.0634,1.804,,60,18,7,-5,-85,-70,-15,-65,-35,13,1.25,2.5,0.4,8,13,2,0.1,0.7,1.4,4,22,0,22
98.68,135,0.4222,175.15,0.0581,2.079,,80,14,18,-5,-90,-65,-15,-80,-30,15,1.0,2.5,0.4,6,10,2,0.05,0.7,1.2,2,21,3,22
98.4,389,0.3625,244.8,0.0506,1.531,,80,14,6,-5,-75,-60,-15,-80,-30,17,1.5,2.25,0.4,12,8,3,0.1,0.8,1.4,4,21,3,22
97.85,207,0.3768,224.04,0.0434,2.0,,60,20,7,-5,-85,-70,-20,-65,-35,13,1.25,2.5,0.4,8,15,2,0.05,0.7,1.4,5,22,0,21
97.5,267,0.3109,161.85,0.1005,1.544,,60,16,6,-5,-85,-70,-15,-65,-50,13,1.25,2.5,0.4,8,13,3,0.05,0.7,1.4,4,22,4,22
97.5,339,0.3805,268.48,0.0602,1.592,,70,10,3,-5,-80,-60,-10,-75,-70,15,2.0,2.75,0.4,14,4,4,0.05,0.9000000000000001,1.2,1,22,3,23
96.69,330,0.3,182.77,0.0936,1.488,,70,17,7,-5,-85,-70,-15,-65,-35,12,1.25,2.5,0.4,8,13,2,0.05,0.7,1.4,5,22,0,22
94.91,216,0.3519,196.92,0.0548,1.84,,60,19,7,-5,-85,-70,-20,-65,-40,13,1.25,2.5,0.4,10,15,2,0.05,0.7,1.4,4,22,0,21
94.25,248,0.3508,163.05,0.0733,1.708,,70,15,17,-5,-75,-65,-15,-80,-30,15,1.75,2.5,0.4,6,12,2,0.05,0.7,1.2,3,21,3,22
93.57,254,0.3307,196.27,0.0647,1.681,,60,18,8,-5,-85,-70,-15,-65,-35,12,1.25,2.5,0.4,8,13,2,0.05,0.7,1.6,4,23,0,22
93.01,379,0.372,280.51,0.0382,1.807,,80,16,3,-5,-75,-65,-15,-80,-30,15,1.75,2.5,0.4,10,12,2,0.05,0.8,1.2,4,21,3,22
92.72,295,0.4407,105.24,0.1024,1.369,,80,16,18,-5,-75,-65,-15,-80,-30,15,2.0,2.5,0.4,6,9,2,0.05,0.7,1.4,2,21,3,22
91.9,153,0.3399,138.18,0.0418,1.798,,80,14,14,-5,-95,-65,-15,-65,-30,13,1.0,2.5,0.4,6,12,2,0.05,0.7,1.2,3,21,0,22
91.48,127,0.3937,127.67,0.065,1.757,,80,14,16,-5,-90,-65,-15,-65,-30,14,1.0,2.5,0.4,6,12,2,0.05,0.7,1.2,3,21,1,19
91.41,272,0.3235,183.03,0.0736,1.595,,60,18,7,-5,-85,-70,-15,-65,-35,13,1.25,2.5,0.4,8,13,2,0.05,0.7,1.6,6,23,0,22
90.03,221,0.3213,167.3,0.0765,1.744,,60,18,8,-5,-85,-70,-15,-65,-35,13,1.25,2.5,0.4,8,14,2,0.05,0.7,1.4,5,22,1,22
90.03,221,0.3213,167.3,0.0765,1.744,,60,18,8,-5,-85,-70,-15,-65,-35,13,1.25,2.5,0.4,8,14,2,0.05,0.7,1.4,4,22,0,22
90.03,221,0.3213,167.3,0.0765,1.744,,60,18,8,-5,-85,-70,-15,-65,-35,13,1.25,2.5,0.4,10,14,2,0.35,0.7,1.4,6,22,0,22
88.06,203,0.3547,194.53,0.0567,1.907,,60,20,8,-5,-85,-70,-15,-65,-35,13,1.25,2.5,0.4,8,14,2,0.05,0.7,1.4,4,22,0,22
87.57,166,0.3253,130.06,0.0778,1.698,,50,17,8,-5,-85,-70,-15,-65,-30,14,1.25,2.5,0.4,8,13,2,0.05,0.7,1.2,4,22,0,22
86.35,388,0.3686,267.83,0.0326,1.779,,80,16,3,-5,-75,-65,-15,-80,-30,15,1.75,2.25,0.4,12,12,2,0.05,0.8,1.2,2,21,3,22
84.35,238,0.4118,117.81,0.0756,1.491,,80,18,17,-5,-75,-65,-15,-80,-30,15,1.5,2.5,0.4,6,6,2,0.05,0.7,1.4,3,21,3,22
84.06,125,0.32,95.28,0.0634,1.683,,80,14,15,-5,-90,-65,-15,-80,-30,13,1.0,2.5,0.4,6,12,2,0.05,0.7,1.2,3,21,0,22
83.87,156,0.3974,142.16,0.0658,1.784,,50,19,8,-5,-85,-70,-20,-65,-40,13,1.25,2.5,0.4,8,13,3,0.05,0.7,1.6,5,22,0,20
82.93,230,0.4261,134.47,0.0695,1.576,,70,18,16,-5,-75,-65,-15,-80,-30,15,1.5,2.5,0.4,6,6,2,0.05,0.7,1.4,3,21,3,22
82.6,241,0.3237,147.57,0.081,1.575,,60,18,7,-5,-85,-70,-15,-65,-35,13,1.25,2.5,0.4,8,13,2,0.05,0.7,1.6,4,22,0,22
82.59,251,0.3187,146.82,0.0781,1.547,,60,18,9,-5,-85,-70,-20,-65,-40,13,1.25,2.5,0.4,10,13,2,0.05,0.7,1.6,4,22,1,23
79.73,269,0.3123,176.2,0.0755,1.56,,60,18,6,-5,-85,-70,-15,-70,-35,13,1.25,2.5,0.4,8,15,2,0.05,0.7,1.6,6,23,0,22
79.24,181,0.3646,170.37,0.0525,1.844,,60,20,7,-5,-85,-70,-10,-65,-35,13,1.25,2.5,0.4,8,13,2,0.05,0.7,1.4,4,22,0,21
78.93,242,0.3595,210.69,0.0656,1.782,,90,12,14,-5,-90,-65,-15,-65,-30,14,1.0,2.5,0.4,6,13,2,0.05,0.7,1.2,3,21,0,22
78.26,216,0.3102,139.73,0.0934,1.531,,60,19,8,-5,-85,-70,-15,-65,-30,14,1.25,2.5,0.4,8,13,2,0.05,0.7,1.4,4,23,4,22
78.04,591,0.4179,126.7,0.0965,1.18,,90,13,4,-5,-75,-60,-15,-80,-35,14,1.75,2.5,0.4,8,5,2,0.05,0.8,1.6,3,22,3,22
76.99,234,0.312,155.26,0.0892,1.547,,60,19,8,-5,-85,-70,-15,-65,-40,14,1.25,2.5,0.4,8,13,2,0.05,0.7,1.4,4,23,0,22
76.97,186,0.3602,185.6,0.044,1.948,,60,20,7,-5,-85,-70,-15,-65,-35,12,1.25,2.5,0.4,8,15,2,0.05,0.7,1.4,5,22,0,22
76.23,143,0.3566,120.96,0.0608,1.719,,50,19,7,-5,-85,-70,-15,-65,-40,13,1.25,2.5,0.4,8,13,2,0.05,0.7,1.4,9,22,0,23
75.89,206,0.3592,187.0,0.0438,1.942,,60,18,6,-5,-85,-35,-30,-65,-35,13,1.25,2.5,0.4,8,13,2,0.05,0.7,1.4,4,23,0,21
75.69,158,0.3101,125.73,0.0372,1.763,,70,14,13,-5,-90,-65,-15,-65,-30,13,1.0,2.5,0.4,6,13,2,0.05,0.7,1.2,3,21,0,22
74.73,225,0.3067,150.03,0.0732,1.624,,60,18,6,-10,-85,-70,-15,-65,-35,13,1.25,2.5,0.4,8,14,2,0.05,0.7,1.6,5,22,0,19
74.64,188,0.3564,181.02,0.0461,1.905,,60,19,7,-5,-85,-70,-15,-65,-35,12,1.25,2.5,0.4,8,13,2,0.05,0.7,1.4,4,22,0,22
74.58,141,0.3404,114.71,0.0652,1.664,,50,19,7,-5,-85,-70,-15,-65,-35,13,1.25,2.5,0.4,8,15,2,0.05,0.7,1.4,4,22,0,23
74.05,343,0.2915,200.11,0.0887,1.475,,70,17,7,-5,-85,-70,-15,-70,-35,13,1.25,2.75,0.4,8,15,2,0.05,0.7,1.6,4,22,0,21
73.75,343,0.312,210.37,0.0956,1.506,,70,17,7,-5,-85,-70,-20,-65,-35,13,1.25,2.5,0.4,8,15,2,0.05,0.7,1.4,4,22,0,21
73.18,223,0.4888,74.44,0.0791,1.33,,80,17,18,-5,-75,-65,-15,-80,-30,15,2.0,2.5,0.4,6,7,2,0.05,0.7,1.4,2,21,3,22
73.14,332,0.3133,207.48,0.0872,1.519,,70,16,7,-5,-85,-70,-20,-65,-35,13,1.25,2.5,0.4,8,14,2,0.05,0.7,1.4,5,22,1,21
71.71,338,0.3876,126.18,0.0601,1.332,,90,14,3,-5,-75,-60,-15,-85,-30,17,1.5,2.25,0.4,6,5,2,0.05,0.8,1.2,4,20,3,22
71.22,339,0.3894,127.48,0.0605,1.334,,90,15,3,-5,-75,-60,-15,-85,-30,17,1.5,2.25,0.4,6,5,2,0.05,0.8,1.2,4,20,3,22
70.92,85,0.3765,116.3,0.0231,2.492,,60,17,12,-5,-90,-70,-15,-95,-30,13,1.0,2.5,0.4,8,13,2,0.05,0.7,1.2,3,23,0,22
70.3,199,0.2764,90.65,0.0958,1.398,,50,16,9,-5,-85,-70,-15,-65,-35,13,1.25,2.5,0.4,8,14,2,0.05,0.7,1.4,8,22,0,22
68.94,204,0.2941,90.94,0.1115,1.338,,50,17,8,-5,-85,-70,-15,-65,-35,12,1.25,2.5,0.4,8,13,2,0.05,0.7,1.4,5,22,0,22
68.35,271,0.4502,76.96,0.0933,1.274,,80,16,19,-5,-75,-65,-15,-80,-30,15,2.0,2.5,0.4,6,7,2,0.05,0.7,1.4,2,21,3,22
68.3,85,0.3882,118.63,0.0295,2.423,,50,16,12,-5,-90,-70,-15,-65,-30,14,1.0,2.5,0.4,8,13,2,0.05,0.7,1.2,3,22,0,22
68.18,85,0.3882,118.63,0.0295,2.419,,50,16,12,-5,-95,-70,-15,-65,-30,14,1.0,2.5,0.4,8,13,2,0.05,0.7,1.2,3,22,1,22
67.99,160,0.45,94.88,0.0315,1.654,,50,13,3,-5,-85,-70,-25,-90,-55,11,2.0,1.5,0.6000000000000001,14,12,6,0.25,0.9000000000000001,2.8,1,22,3,21
66.91,192,0.526,88.71,0.0519,1.484,,70,22,17,-5,-75,-65,-15,-80,-35,15,1.75,2.5,0.4,6,6,2,0.05,0.7,1.4,3,21,3,22
66.58,140,0.2929,94.15,0.0561,1.71,,60,19,9,-5,-85,-70,-15,-65,-30,14,1.25,2.5,0.4,8,13,2,0.05,0.6000000000000001,1.2,4,22,0,22
65.8,111,0.3874,77.48,0.0487,1.665,,90,14,18,-5,-95,-70,-15,-80,-30,15,2.25,2.5,0.4,6,10,4,0.05,0.7,1.2,2,22,3,22
65.53,223,0.4709,58.46,0.0822,1.262,,80,17,18,-5,-75,-65,-15,-80,-30,15,2.0,2.5,0.4,6,8,2,0.05,0.7,1.4,2,21,3,22
65.53,223,0.4709,58.46,0.0822,1.262,,80,17,18,-5,-75,-65,-15,-80,-30,15,2.0,2.5,0.4,6,8,2,0.05,0.7,1.4,1,21,3,22
65.53,223,0.4709,58.46,0.0822,1.262,,80,17,18,-5,-75,-65,-15,-80,-30,15,2.0,2.5,0.4,6,8,2,0.05,0.7,1.4,2,21,3,22
65.53,223,0.4709,58.46,0.0822,1.262,,80,17,18,-5,-75,-65,-15,-80,-30,15,2.0,2.5,0.4,6,8,2,0.05,0.7,1.4,2,21,3,22
65.53,223,0.4709,58.46,0.0822,1.262,,80,17,18,-5,-75,-65,-15,-80,-30,15,2.0,2.5,0.4,6,8,2,0.05,0.7,1.4,2,21,3,22
64.26,390,0.2487,78.71,0.1534,1.175,,50,15,7,-5,-85,-70,-15,-65,-35,12,1.25,2.5,0.4,8,13,2,0.05,0.6000000000000001,1.4,6,23,0,22
63.69,219,0.3059,129.18,0.0785,1.558,,60,18,7,-5,-85,-70,-15,-65,-35,12,1.25,2.5,0.4,8,13,2,0.05,0.7,1.4,5,22,0,22
63.48,237,0.2954,144.32,0.0664,1.571,,60,18,9,-5,-85,-70,-15,-65,-35,12,1.25,2.5,0.4,8,14,2,0.05,0.7,1.4,5,23,0,22
63.21,269,0.3903,121.41,0.0845,1.457,,90,18,17,-5,-75,-65,-15,-80,-30,15,1.5,2.25,0.4,6,6,2,0.05,0.7,1.4,3,21,3,22
63.07,189,0.3175,98.57,0.0842,1.435,,50,19,7,-5,-85,-70,-15,-65,-35,13,1.25,2.5,0.4,8,15,2,0.1,0.7,1.6,4,23,0,22
62.88,426,0.3333,167.12,0.0739,1.342,,70,13,4,-5,-75,-60,-15,-80,-35,18,1.5,2.25,0.4,10,7,2,0.1,0.8,1.4,4,21,3,22
62.59,339,0.4425,101.96,0.0726,1.284,,70,13,20,-5,-75,-65,-20,-80,-30,14,2.0,2.5,0.4,6,7,2,0.05,0.7,1.4,2,21,3,22
62.25,269,0.2602,108.49,0.1165,1.328,,60,17,8,-5,-85,-70,-15,-65,-35,14,1.25,2.75,0.5,8,14,2,0.2,0.7,1.6,4,23,0,22
62.06,232,0.2586,58.09,0.1226,1.207,,50,17,8,-5,-85,-70,-15,-65,-35,13,1.25,2.5,0.4,8,13,2,0.05,0.7,1.4,4,23,0,22
61.59,244,0.3279,154.52,0.0608,1.543,,100,13,13,-5,-90,-65,-15,-65,-30,14,1.0,2.5,0.4,6,11,2,0.05,0.7,1.2,3,21,0,22
61.25,169,0.2781,56.38,0.088,1.273,,80,14,15,-5,-90,-65,-15,-65,-30,13,1.0,2.5,0.4,6,13,2,0.05,0.7,1.2,3,22,0,22
61.12,100,0.36,88.8,0.0413,1.703,,70,14,14,-5,-90,-65,-15,-65,-30,14,1.0,2.5,0.4,6,12,2,0.05,0.7,1.2,3,20,0,22
60.65,232,0.2716,64.76,0.1216,1.228,,50,17,9,-5,-85,-70,-15,-65,-35,13,1.25,2.5,0.4,8,15,2,0.05,0.7,1.6,5,22,2,22
60.13,138,0.2899,57.08,0.06,1.322,,80,15,12,-5,-90,-65,-15,-65,-30,14,1.0,2.5,0.4,6,12,2,0.05,0.7,1.2,3,20,0,22
60.12,433,0.2841,180.41,0.1422,1.384,,60,18,7,-10,-85,-70,-15,-65,-35,13,1.25,2.5,0.4,8,13,2,0.05,0.6000000000000001,1.4,4,23,0,22
59.69,175,0.2857,94.03,0.083,1.473,,60,17,12,-5,-90,-70,-15,-70,-30,14,1.0,2.5,0.4,8,13,2,0.05,0.6000000000000001,1.2,3,22,0,22
59.3,400,0.3,223.78,0.1027,1.482,,60,17,6,-5,-85,-70,-15,-65,-35,12,1.25,2.5,0.4,8,13,2,0.05,0.6000000000000001,1.6,5,24,0,22
59.01,229,0.2882,125.68,0.0963,1.481,,60,15,8,-5,-85,-70,-15,-65,-40,13,1.25,2.5,0.4,8,14,2,0.05,0.7,1.4,4,22,0,21
58.68,220,0.3045,175.7,0.0478,1.834,,60,18,6,-5,-85,-70,-15,-65,-35,11,1.25,2.5,0.4,8,15,2,0.05,0.7,1.4,9,23,0,22
58.14,375,0.28,186.35,0.0776,1.438,,70,17,6,-5,-85,-70,-15,-65,-35,13,1.25,2.5,0.4,8,14,2,0.05,0.7,1.4,4,23,0,22
58.01,179,0.2682,64.32,0.101,1.307,,50,17,7,-5,-85,-70,-10,-65,-35,11,1.25,2.5,0.4,8,14,2,0.05,0.7,1.4,7,22,0,22
57.31,246,0.3089,175.78,0.0583,1.627,,60,19,7,-5,-85,-70,-15,-65,-40,12,1.25,2.5,0.4,8,15,2,0.05,0.7,1.4,7,23,0,22
57.25,210,0.319,147.59,0.081,1.647,,60,19,6,-5,-85,-70,-15,-65,-35,13,1.25,2.5,0.4,8,14,2,0.05,0.6000000000000001,1.4,4,22,0,21
56.94,152,0.2961,49.12,0.0774,1.249,,50,18,7,-5,-85,-70,-15,-65,-35,13,1.25,2.5,0.4,8,13,2,0.05,0.7,1.4,7,22,0,21
56.87,208,0.2692,83.3,0.0632,1.378,,90,14,13,-5,-90,-65,-15,-65,-30,13,1.0,2.5,0.4,6,11,2,0.05,0.7,1.2,3,21,0,22
56.85,194,0.3454,141.29,0.0677,1.621,,90,13,14,-5,-90,-65,-15,-65,-30,14,1.0,2.5,0.4,6,13,2,0.05,0.7,1.2,3,21,0,22
56.85,194,0.3454,141.29,0.0677,1.621,,90,13,14,-5,-90,-65,-15,-65,-30,14,1.0,2.5,0.4,6,12,2,0.05,0.7,1.2,3,21,0,22
56.66,115,0.4783,103.42,0.0277,1.722,,80,18,16,-5,-75,-60,-15,-85,-30,17,1.5,2.75,0.4,4,3,2,0.05,0.8,1.2,3,20,3,22
56.13,117,0.3248,100.54,0.0583,1.77,,60,18,8,-5,-90,-70,-15,-65,-30,14,1.25,2.5,0.4,8,13,2,0.05,0.7,1.2,4,23,0,22
55.78,233,0.2747,65.34,0.0955,1.247,,60,18,7,-5,-80,-70,-10,-65,-35,13,1.25,2.5,0.4,8,13,2,0.05,0.7,1.4,4,22,0,22
55.62,349,0.4613,114.95,0.0758,1.248,,100,18,4,-5,-75,-60,-15,-85,-30,18,1.5,2.25,0.4,4,4,2,0.05,0.8,1.2,4,20,3,22
55.6,334,0.2964,159.24,0.0968,1.377,,70,17,7,-5,-85,-70,-20,-65,-40,13,1.25,2.5,0.4,8,13,2,0.05,0.7,1.4,4,22,0,21
55.24,376,0.391,206.76,0.0745,1.45,,90,11,3,-5,-80,-55,-15,-80,-35,15,1.5,2.25,0.4,8,4,2,0.05,0.9000000000000001,1.2,3,21,3,22
55.2,125,0.392,123.65,0.0514,1.744,,70,16,17,-5,-90,-65,-15,-80,-30,15,1.0,2.5,0.4,6,12,2,0.05,0.7,1.2,3,21,3,22
53.21,351,0.4644,107.89,0.0747,1.242,,100,15,4,-5,-75,-60,-15,-85,-30,18,1.5,2.25,0.4,4,4,2,0.05,0.8,1.2,5,20,3,22
52.58,414,0.3889,104.65,0.0938,1.203,,100,16,3,-5,-75,-60,-15,-85,-30,18,1.5,2.25,0.4,6,5,2,0.05,0.8,1.2,4,20,3,22
52.42,340,0.4353,87.59,0.1146,1.228,,80,16,18,-5,-75,-65,-15,-80,-30,15,2.0,2.5,0.4,6,8,2,0.05,0.7,2.2,2,21,3,22
51.53,410,0.478,107.99,0.0936,1.214,,100,16,3,-5,-75,-60,-15,-85,-30,18,1.5,2.25,0.4,4,4,2,0.05,0.8,1.2,4,20,3,22
51.53,410,0.478,107.99,0.0936,1.214,,100,16,3,-5,-75,-60,-15,-85,-30,18,1.5,2.25,0.4,4,4,2,0.05,0.8,1.2,4,20,3,22
51.53,410,0.478,107.99,0.0936,1.214,,100,16,3,-5,-75,-60,-15,-85,-30,18,1.5,2.25,0.4,4,4,2,0.05,0.8,1.2,4,20,3,22
51.39,278,0.4281,10.25,0.1197,1.037,,90,16,18,-5,-75,-65,-15,-80,-30,15,2.0,2.5,0.4,6,8,2,0.05,0.7,1.4,2,21,3,22
50.26,341,0.2991,106.01,0.1101,1.234,,200,14,14,-5,-90,-65,-15,-65,-30,14,1.0,2.5,0.4,6,11,2,0.05,0.7,1.2,3,21,0,22
49.35,151,0.4901,93.02,0.0367,1.598,,80,26,18,-5,-75,-65,-15,-80,-35,15,1.75,2.5,0.4,6,6,2,0.05,0.7,1.4,3,21,3,22
49.31,393,0.2697,118.49,0.1235,1.254,,70,17,7,-5,-85,-70,-15,-65,-35,13,1.25,2.5,0.4,18,13,2,0.05,0.7,1.6,4,23,0,22
49.29,187,0.3422,124.23,0.0674,1.548,,90,13,15,-5,-90,-65,-15,-65,-30,14,1.0,2.5,0.4,6,12,2,0.05,0.7,1.2,3,21,0,22
49.29,187,0.3422,124.23,0.0674,1.548,,90,13,15,-5,-90,-65,-15,-65,-30,14,1.0,2.5,0.4,6,11,2,0.05,0.7,1.2,3,21,0,22
49.12,244,0.3074,114.38,0.0688,1.375,,80,12,13,-5,-90,-65,-15,-65,-30,14,1.0,2.5,0.4,6,13,2,0.05,0.7,1.2,3,21,0,22
47.88,129,0.3798,121.78,0.0472,1.717,,70,15,16,-5,-90,-65,-15,-80,-30,15,1.0,2.5,0.4,6,12,2,0.05,0.7,1.2,3,21,1,22
47.43,368,0.2473,80.4,0.1172,1.189,,50,16,7,-5,-85,-70,-15,-65,-35,12,1.25,2.5,0.4,8,15,2,0.05,0.6000000000000001,1.4,4,23,0,22
47.33,410,0.3902,112.85,0.0892,1.224,,100,15,3,-5,-75,-60,-15,-85,-30,18,1.5,2.25,0.4,6,4,2,0.05,0.8,1.2,4,20,3,22
45.41,46,0.4348,69.82,0.0265,2.371,,60,13,15,-5,-90,-65,-15,-65,-30,13,1.0,2.5,0.4,6,12,2,0.05,0.7,1.2,3,20,0,22
44.84,428,0.3949,191.79,0.0518,1.387,,80,14,3,-5,-75,-60,-15,-80,-30,16,1.5,2.25,0.4,6,4,2,0.05,0.8,1.2,4,21,3,22
44.71,372,0.3925,146.68,0.0485,1.345,,90,12,3,-5,-75,-60,-15,-90,-30,17,1.5,2.25,0.4,6,5,2,0.05,0.8,1.2,4,20,3,22
43.6,191,0.2775,73.4,0.0714,1.346,,60,18,6,-5,-85,-70,-5,-65,-35,13,1.25,2.5,0.4,8,13,2,0.05,0.7,1.4,7,22,0,24
43.5,347,0.4697,80.86,0.0756,1.195,,90,16,3,-5,-75,-60,-15,-85,-30,18,1.5,2.25,0.4,4,4,2,0.05,0.8,1.2,4,20,3,22
43.41,540,0.3537,163.96,0.0685,1.313,,80,14,5,-5,-75,-65,-15,-80,-35,16,2.25,2.25,0.4,12,11,2,0.15000000000000002,0.7,1.4,1,22,3,22
43.4,632,0.3196,109.72,0.0745,1.166,,90,15,4,-5,-75,-60,-10,-75,-35,16,1.5,2.25,0.3,8,6,3,0.05,0.8,1.6,5,22,3,22
43.35,186,0.2581,21.03,0.1019,1.084,,50,18,8,-5,-85,-70,-20,-65,-35,13,1.25,2.5,0.4,8,13,2,0.05,0.7,1.4,4,22,0,24
42.54,184,0.3098,112.33,0.047,1.568,,60,18,6,-5,-85,-70,-15,-65,-35,12,1.25,2.75,0.4,8,13,2,0.05,0.7,1.4,6,22,0,18
42.11,241,0.3734,44.37,0.0841,1.164,,50,10,4,-5,-85,-70,-25,-90,-50,11,2.0,1.5,0.6000000000000001,14,12,6,0.25,0.9000000000000001,2.8,1,22,3,21
41.95,168,0.2381,-2.97,0.1353,0.988,,50,18,8,-5,-85,-70,-15,-65,-35,13,1.25,2.75,0.4,8,13,2,0.1,0.7,1.4,4,22,0,22
41.76,125,0.368,110.24,0.047,1.681,,70,15,18,-5,-90,-65,-15,-80,-30,15,1.0,2.5,0.4,6,12,2,0.05,0.7,1.2,3,21,3,22
41.63,333,0.2733,112.97,0.1055,1.272,,70,16,7,-5,-85,-70,-20,-65,-45,13,1.25,2.5,0.4,8,13,2,0.05,0.7,1.4,5,22,0,21
41.39,237,0.2447,61.12,0.1101,1.23,,60,15,8,-5,-85,-70,-15,-65,-35,13,1.25,2.5,0.4,8,14,2,0.05,0.7,3.6000000000000005,5,22,2,22
41.1,400,0.2625,104.38,0.1349,1.21,,70,17,8,-5,-85,-70,-20,-65,-35,13,1.25,2.5,0.4,8,13,2,0.1,0.7,1.6,6,22,0,24
41.08,206,0.4806,64.52,0.046,1.292,,80,23,17,-5,-75,-65,-15,-80,-35,15,1.75,2.5,0.4,6,6,3,0.05,0.7,1.4,3,21,3,22
39.62,224,0.3393,-0.14,0.0557,0.999,,60,13,3,-5,-75,-60,-15,-80,-30,16,1.5,2.25,0.4,6,4,2,0.05,0.8,1.2,4,21,3,22
39.62,224,0.3393,-0.14,0.0557,0.999,,60,13,3,-5,-75,-60,-15,-80,-30,16,1.5,2.25,0.4,6,4,2,0.05,0.8,1.2,4,21,3,22
39.62,224,0.3393,-0.14,0.0557,0.999,,60,13,3,-5,-75,-60,-15,-80,-30,16,1.5,2.25,0.4,6,4,2,0.05,0.8,1.2,4,21,3,22
39.2,429,0.2704,152.36,0.1164,1.291,,50,17,7,-5,-85,-70,-30,-65,-35,13,1.25,2.5,0.4,8,15,2,0.05,0.6000000000000001,1.4,5,24,0,22
38.68,130,0.2615,28.0,0.0435,1.162,,70,13,13,-5,-90,-65,-15,-65,-30,14,1.0,2.5,0.4,6,12,2,0.05,0.7,1.2,3,20,0,22
38.54,171,0.2865,71.4,0.0737,1.363,,60,18,8,-5,-85,-70,-10,-65,-35,13,1.25,2.5,0.4,8,13,2,0.05,0.7,1.4,6,22,0,21
38.19,322,0.2671,95.38,0.1182,1.238,,70,16,6,-5,-85,-70,-15,-65,-35,13,1.25,2.5,0.4,8,13,2,0.05,0.7,1.4,5,22,0,22
38.02,166,0.259,54.32,0.0735,1.281,,60,18,8,-5,-85,-70,-15,-65,-30,14,1.25,2.5,0.4,8,13,2,0.05,0.7,1.2,4,23,0,22
37.74,431,0.2993,151.61,0.0814,1.3,,100,16,3,-5,-75,-65,-15,-80,-30,16,1.75,2.5,0.4,12,10,2,0.05,0.8,1.2,2,21,3,22
37.51,217,0.2442,3.68,0.1342,1.014,,50,18,7,-5,-85,-70,-15,-65,-35,13,1.25,2.5,0.4,8,14,2,0.05,0.7,1.6,6,23,0,22
37.51,217,0.2442,3.68,0.1342,1.014,,50,18,7,-5,-85,-70,-15,-65,-35,13,1.25,2.5,0.4,8,14,2,0.05,0.7,1.6,5,23,2,22
37.04,404,0.3193,149.04,0.0483,1.308,,70,13,3,-5,-75,-60,-15,-80,-30,16,1.5,2.25,0.4,12,5,2,0.05,0.8,1.2,4,21,3,22
36.3,475,0.2989,172.82,0.0735,1.295,,80,20,3,-5,-70,-65,-15,-80,-30,17,1.75,2.5,0.4,12,10,2,0.05,0.8,1.2,2,24,3,22
36.16,121,0.3636,112.51,0.0327,1.737,,80,13,15,-5,-90,-65,-15,-95,-30,14,1.25,2.5,0.4,6,12,2,0.05,0.7,1.2,3,21,0,22
35.81,305,0.2885,99.4,0.0659,1.271,,80,12,13,-5,-90,-65,-15,-65,-30,14,1.0,2.5,0.4,6,13,2,0.05,0.7,1.2,3,22,0,22
34.8,266,0.2368,60.92,0.0892,1.212,,70,17,8,-5,-85,-70,-15,-65,-35,11,1.25,2.5,0.4,10,13,2,0.05,0.7,1.4,8,22,0,22
34.68,373,0.3753,147.36,0.0496,1.326,,80,14,4,-5,-75,-60,-15,-80,-30,16,1.5,2.25,0.4,6,4,2,0.05,0.8,1.2,3,21,3,22
34.37,223,0.3094,52.69,0.0441,1.205,,50,13,3,-5,-75,-60,-15,-75,-70,16,2.0,2.25,0.4,12,4,2,0.05,0.8,1.2,2,21,3,22
33.77,179,0.2737,94.54,0.0421,1.511,,60,17,10,-5,-85,-70,-15,-65,-35,11,1.25,2.5,0.4,8,15,2,0.05,0.7,1.4,4,22,0,21
33.57,192,0.401,117.6,0.0405,1.419,,70,15,9,-5,-75,-60,-15,-85,-30,18,1.5,2.75,0.4,4,3,2,0.05,0.8,1.4,5,20,3,22
33.04,181,0.442,52.6,0.0522,1.279,,70,21,17,-5,-75,-65,-15,-80,-30,15,1.75,2.5,0.4,6,7,2,0.05,0.7,1.4,3,21,3,22
33.0,522,0.2567,49.78,0.1902,1.076,,60,16,6,-25,-85,-70,-20,-65,-35,13,1.25,2.5,0.4,8,14,2,0.05,0.7,1.4,4,22,0,21
32.54,283,0.3463,21.64,0.1122,1.059,,50,10,3,-5,-85,-70,-25,-90,-55,11,2.0,1.75,0.6000000000000001,14,11,6,0.3,0.7,2.8,1,24,3,21
31.17,594,0.298,89.11,0.1328,1.132,,80,10,6,-5,-80,-60,-15,-75,-40,15,1.75,2.75,0.5,10,5,2,0.05,0.7,1.4,3,23,3,22
30.7,314,0.3917,57.32,0.0686,1.152,,100,14,5,-5,-75,-65,-15,-90,-30,15,2.25,3.0,0.4,6,11,2,0.05,0.8,1.4,1,20,3,22
29.89,260,0.4154,-9.7,0.1226,0.966,,80,17,18,-5,-75,-65,-15,-80,-30,15,2.0,2.5,0.4,6,8,2,0.05,0.7,1.6,2,21,3,22
29.52,197,0.3452,122.41,0.0376,1.517,,80,18,3,-5,-75,-70,-15,-80,-30,15,1.5,2.25,0.4,10,12,2,0.05,0.9000000000000001,1.2,4,20,3,22
29.25,305,0.2852,147.15,0.0615,1.39,,80,10,3,-10,-75,-50,-10,-80,-60,18,1.5,2.5,0.4,16,3,6,0.1,0.9000000000000001,1.2,2,20,3,22
28.36,420,0.3119,88.1,0.1066,1.167,,50,16,5,-5,-70,-65,-10,-80,-35,18,2.0,2.5,0.5,14,13,2,0.05,0.7,1.2,2,22,4,22
27.46,28,0.6071,43.84,0.0094,3.651,,50,22,10,-5,-95,-30,-20,-80,-30,10,3.0,1.5,0.6000000000000001,20,15,4,0.25,0.7,3.8,0,24,2,24
27.29,269,0.3978,-26.59,0.1271,0.906,,90,14,19,-5,-75,-65,-15,-80,-55,15,2.0,2.5,0.4,6,9,2,0.05,0.7,1.4,1,21,3,22
26.19,255,0.3961,0.32,0.1001,1.001,,90,18,18,-5,-75,-65,-15,-80,-35,15,1.75,2.5,0.4,8,6,2,0.05,0.7,1.4,2,21,3,22
25.92,263,0.2662,83.14,0.0468,1.275,,90,12,14,-5,-90,-65,-15,-65,-30,13,1.0,2.5,0.4,6,11,2,0.05,0.7,1.2,3,21,0,22
25.89,532,0.2688,82.44,0.155,1.122,,240,17,7,-5,-85,-70,-15,-65,-35,13,1.25,2.5,0.4,8,14,2,0.05,0.7,1.4,5,22,0,22
24.75,159,0.3145,61.77,0.0628,1.272,,80,13,15,-5,-90,-65,-15,-80,-30,14,1.0,2.5,0.4,6,12,2,0.05,0.7,1.2,3,21,0,22
24.69,134,0.4851,86.69,0.0233,1.541,,90,38,3,-10,-80,-55,-20,-80,-45,10,3.0,1.75,0.7,16,13,8,0.25,0.8,2.6,1,21,2,23
23.43,272,0.3382,112.87,0.0348,1.296,,90,11,7,-5,-75,-60,-10,-80,-35,19,1.25,2.25,0.4,6,11,2,0.05,0.9000000000000001,1.2,0,21,3,20
21.84,196,0.3061,-44.48,0.1231,0.814,,50,10,4,-5,-85,-50,-25,-90,-50,11,2.0,1.5,0.6000000000000001,14,12,6,0.25,0.9000000000000001,2.8,1,22,3,21
21.84,196,0.3061,-44.48,0.1231,0.814,,50,10,4,-5,-85,-50,-25,-90,-50,11,2.0,1.5,0.6000000000000001,14,12,6,0.25,0.9000000000000001,2.8,1,22,3,21
21.4,183,0.306,76.51,0.0485,1.3,,70,13,14,-5,-90,-65,-15,-65,-30,14,1.0,2.5,0.4,6,13,2,0.05,0.7,1.2,3,21,0,22
21.4,183,0.306,76.51,0.0485,1.3,,70,13,14,-5,-90,-65,-15,-65,-30,14,1.0,2.5,0.4,6,12,2,0.05,0.7,1.2,3,21,0,22
21.36,296,0.2534,54.37,0.0949,1.165,,180,16,4,-5,-85,-70,-25,-95,-35,14,1.75,2.25,0.4,14,12,2,0.05,0.7,1.2,3,21,3,22
21.31,149,0.4228,39.68,0.0643,1.234,,70,20,9,-10,-95,-30,-20,-85,-35,11,2.5,1.5,0.7,18,15,5,0.25,0.9000000000000001,4.0,1,22,2,24
21.3,245,0.2653,82.75,0.0532,1.283,,70,17,8,-5,-85,-40,-10,-65,-35,13,1.25,2.5,0.4,8,13,2,0.05,0.7,1.4,4,22,0,23
21.01,176,0.3068,65.77,0.0484,1.26,,70,12,15,-5,-90,-65,-15,-65,-30,14,1.0,2.5,0.4,6,12,2,0.05,0.7,1.2,3,21,0,22
19.55,381,0.3806,74.98,0.0634,1.15,,270,10,5,-5,-90,-45,-30,-85,-60,10,2.0,1.75,0.7,12,12,6,0.3,0.9000000000000001,3.0,1,23,2,22
18.44,412,0.2646,64.84,0.1134,1.134,,80,12,12,-15,-90,-65,-15,-65,-30,14,1.0,2.5,0.4,6,13,2,0.05,0.7,1.2,3,22,0,22
18.2,149,0.3758,31.83,0.0479,1.205,,70,23,10,-5,-95,-30,-20,-80,-30,10,3.0,1.5,0.6000000000000001,20,15,4,0.25,0.7,4.0,0,24,2,24
17.98,347,0.2997,97.62,0.0569,1.238,,110,14,5,-5,-75,-60,-15,-80,-30,16,1.5,2.25,0.4,12,5,2,0.05,0.8,1.2,5,21,3,22
17.56,224,0.2902,90.08,0.0327,1.395,,100,16,10,-5,-75,-65,-5,-75,-30,16,1.75,2.25,0.4,12,10,2,0.05,0.6000000000000001,1.2,4,20,3,22
17.23,277,0.3646,58.09,0.0724,1.18,,90,15,3,-5,-75,-60,-15,-85,-30,17,1.5,2.25,0.4,6,5,2,0.05,0.8,1.2,4,19,3,22
16.87,331,0.3474,69.83,0.0655,1.144,,70,10,5,-5,-80,-65,-5,-75,-70,15,2.0,2.75,0.5,14,12,4,0.15000000000000002,1.0,1.4,1,22,3,23
16.8,222,0.2838,44.69,0.0844,1.144,,80,13,14,-5,-90,-65,-15,-65,-30,14,1.0,2.5,0.4,6,11,2,0.05,0.7,1.2,3,21,0,22
16.8,222,0.2838,44.69,0.0844,1.144,,80,13,14,-5,-90,-65,-15,-65,-30,14,1.0,2.5,0.4,6,13,2,0.05,0.7,1.2,3,21,0,22
16.8,222,0.2838,44.69,0.0844,1.144,,80,13,14,-5,-90,-65,-15,-65,-30,14,1.0,2.5,0.4,6,12,2,0.05,0.7,1.2,3,21,0,22
15.26,274,0.2701,37.75,0.0825,1.107,,80,12,15,-5,-90,-65,-15,-65,-30,14,1.0,2.5,0.4,8,13,2,0.05,0.7,1.2,3,22,0,22
14.93,278,0.3345,63.98,0.0458,1.175,,70,12,20,-5,-75,-60,-15,-80,-30,15,1.5,2.25,0.4,8,4,4,0.05,0.8,1.4,5,21,3,22
14.38,153,0.3595,54.87,0.0318,1.255,,70,11,3,-5,-85,-55,-15,-70,-35,17,2.0,2.0,0.4,14,3,3,0.05,0.9000000000000001,1.2,2,21,3,22
13.35,262,0.2405,54.13,0.0807,1.182,,70,19,7,-5,-85,-70,-15,-65,-35,12,1.25,2.5,0.4,8,13,2,0.05,0.7,1.4,4,23,0,22
11.8,228,0.2588,46.77,0.1017,1.177,,90,14,14,-5,-90,-65,-15,-65,-30,14,1.0,2.5,0.4,6,13,2,0.05,0.6000000000000001,1.2,3,21,0,22
11.54,182,0.2582,23.31,0.0606,1.113,,50,18,7,-5,-85,-45,-20,-65,-35,13,1.25,2.5,0.4,8,14,2,0.05,0.7,1.6,6,22,0,21
11.03,280,0.3571,49.57,0.0643,1.135,,70,18,3,-15,-85,-70,-15,-85,-55,11,2.25,1.75,0.6000000000000001,8,14,6,0.25,0.8,2.4000000000000004,2,20,3,21
10.55,171,0.2632,-36.86,0.1265,0.853,,50,19,6,-5,-85,-70,-25,-65,-40,13,1.25,2.5,0.5,10,14,3,0.05,0.6000000000000001,1.8,4,22,0,20
10.18,435,0.3471,17.52,0.1169,1.04,,60,14,5,-5,-75,-70,-10,-80,-35,16,2.0,2.5,0.4,10,11,3,0.1,0.7,2.0,1,22,3,21
9.61,249,0.2731,46.79,0.0674,1.145,,80,13,14,-5,-90,-65,-15,-65,-30,14,1.25,2.5,0.4,6,12,2,0.05,0.7,1.2,3,22,0,22
9.49,347,0.2392,38.57,0.1187,1.091,,70,17,8,-5,-85,-70,-15,-65,-45,13,1.25,2.5,0.4,8,13,2,0.05,0.7,1.6,7,23,0,21
9.41,237,0.3797,48.08,0.063,1.182,,170,28,8,-10,-95,-30,-25,-90,-40,20,2.75,2.0,0.5,16,14,3,0.2,0.8,4.0,4,23,1,20
8.97,51,0.1569,-10.76,0.0483,0.814,,60,33,8,-5,-85,-70,-15,-65,-35,13,1.25,2.5,0.4,8,13,2,0.05,0.7,1.4,4,22,0,22
8.16,446,0.3363,1.89,0.1323,1.003,,60,15,4,-5,-75,-60,-15,-70,-30,15,1.25,2.25,0.4,6,4,2,0.05,0.8,1.6,4,21,3,22
8.02,230,0.2609,40.98,0.0991,1.149,,90,13,15,-5,-90,-65,-15,-65,-30,14,1.0,2.5,0.4,6,11,2,0.05,0.6000000000000001,1.2,3,21,0,22
7.51,73,0.4384,37.2,0.0489,1.368,,50,19,4,-10,-90,-70,-25,-90,-50,10,1.75,1.75,0.7,14,11,6,0.3,0.9000000000000001,3.0,2,21,4,21
7.47,313,0.2268,17.94,0.137,1.048,,70,16,8,-5,-85,-70,-15,-65,-35,13,1.25,2.5,0.4,8,14,2,0.05,0.7,1.4,7,23,0,22
7.4,165,0.2788,33.51,0.0437,1.133,,60,14,15,-5,-90,-65,-15,-65,-30,14,1.0,2.5,0.4,6,14,2,0.05,0.6000000000000001,1.2,3,21,0,22
7.12,456,0.3399,48.73,0.079,1.071,,220,11,4,-10,-80,-55,-15,-85,-40,14,1.25,2.25,0.5,8,4,2,0.05,1.0,1.4,3,22,3,23
6.86,183,0.4153,-18.22,0.0754,0.899,,60,19,18,-5,-75,-65,-15,-80,-30,15,2.0,2.5,0.4,6,9,2,0.05,0.7,3.4000000000000004,2,21,3,22
6.46,142,0.3521,1.19,0.0598,1.008,,60,19,4,-5,-90,-60,-25,-85,-70,12,2.5,1.5,0.6000000000000001,14,8,5,0.15000000000000002,0.4,3.4000000000000004,0,20,3,20
6.27,337,0.3145,35.3,0.0751,1.093,,90,16,8,-10,-95,-35,-25,-80,-55,11,2.25,2.0,0.5,18,15,4,0.2,0.8,3.6000000000000005,2,21,1,23
5.89,243,0.2469,33.73,0.1049,1.121,,90,13,13,-5,-90,-65,-15,-65,-30,14,1.0,2.5,0.4,6,11,2,0.05,0.6000000000000001,1.2,3,21,0,22
4.82,47,0.3404,19.18,0.019,1.497,,50,15,3,-5,-80,-60,-25,-95,-50,13,2.25,1.5,0.6000000000000001,16,11,7,0.25,0.9000000000000001,3.2,0,18,3,20
4.62,82,0.1463,-16.01,0.0494,0.811,,70,29,6,-5,-85,-70,-15,-65,-35,13,1.25,2.5,0.4,8,15,2,0.05,0.7,1.4,9,23,0,23
4.44,135,0.437,21.55,0.0321,1.12,,80,18,16,-5,-75,-55,-15,-85,-30,17,1.75,2.5,0.4,6,3,2,0.05,0.9000000000000001,1.4,3,21,3,22
4.35,371,0.345,9.16,0.1077,1.02,,90,12,6,-5,-80,-55,-10,-75,-35,15,1.5,2.25,0.3,6,4,3,0.15000000000000002,0.9000000000000001,1.6,4,23,3,22
4.25,347,0.4092,30.96,0.0602,1.071,,110,19,4,-5,-75,-60,-15,-85,-30,19,1.5,2.25,0.4,4,5,2,0.05,0.8,1.2,4,21,3,22
4.18,237,0.2911,-8.59,0.1268,0.966,,70,16,20,-5,-75,-65,-15,-80,-30,16,2.0,2.5,0.4,6,9,2,0.05,0.7,1.2,1,22,3,22
4.1,241,0.4232,12.38,0.0383,1.041,,100,18,13,-10,-70,-65,-10,-90,-30,15,2.0,2.0,0.4,4,6,3,0.15000000000000002,0.9000000000000001,1.4,2,22,3,23
3.06,297,0.2828,22.23,0.0787,1.055,,100,13,5,-5,-90,-55,-10,-70,-65,10,1.5,2.25,0.5,14,10,5,0.3,1.0,3.4000000000000004,4,24,2,20
2.94,215,0.3163,20.47,0.047,1.062,,80,18,6,-5,-75,-60,-15,-80,-30,17,1.5,2.25,0.4,12,7,3,0.1,0.9000000000000001,1.4,6,20,3,22
2.6,41,0.439,24.35,0.0267,1.602,,50,21,9,-10,-90,-35,-20,-90,-40,12,2.5,1.75,0.7,16,13,5,0.3,0.9000000000000001,3.6000000000000005,5,21,3,23
2.44,580,0.3207,-60.74,0.2145,0.903,,90,15,4,-5,-70,-65,-20,-80,-35,13,1.75,2.5,0.4,10,6,4,0.1,0.8,1.8,3,22,3,21
2.36,451,0.4279,-0.07,0.0897,1.0,,100,17,3,-5,-75,-60,-15,-85,-30,19,1.5,2.25,0.4,4,3,2,0.05,0.8,1.2,5,20,3,22
2.35,203,0.3842,15.87,0.0536,1.055,,90,13,15,-5,-80,-55,-20,-80,-30,17,1.75,2.75,0.4,4,5,2,0.05,0.8,1.2,4,21,3,22
2.16,130,0.3462,11.13,0.0396,1.059,,60,14,5,-5,-75,-60,-10,-85,-40,16,1.25,2.25,0.4,4,6,3,0.15000000000000002,1.0,1.4,5,19,3,22
1.81,527,0.3112,13.42,0.0862,1.02,,80,12,4,-5,-75,-55,-15,-80,-30,13,1.5,2.5,0.4,8,3,2,0.1,0.8,1.2,2,23,3,21
1.57,684,0.2734,-1.64,0.0978,0.998,,100,11,5,-25,-75,-55,-10,-85,-35,19,1.5,2.0,0.3,10,7,3,0.1,0.8,1.4,5,22,4,21
1.03,21,0.619,36.86,0.0094,4.916,,50,21,10,-5,-95,-30,-15,-85,-30,10,3.0,1.5,0.6000000000000001,20,15,4,0.25,0.7,4.0,0,22,2,24
0.54,276,0.3804,10.54,0.0973,1.031,,90,14,3,-10,-90,-30,-20,-85,-35,12,2.5,1.5,0.7,16,14,5,0.35,1.0,3.6000000000000005,2,21,1,23
0.04,495,0.3111,2.28,0.0783,1.004,,70,11,3,-10,-80,-55,-15,-80,-35,14,1.5,2.0,0.4,8,3,2,0.05,0.9000000000000001,1.2,3,21,3,21
-1.12,470,0.2298,8.67,0.1514,1.015,,70,17,8,-5,-85,-70,-20,-65,-35,13,1.25,2.5,0.4,8,13,2,0.05,0.6000000000000001,1.6,4,22,0,23
-1.28,562,0.2616,1.65,0.0976,1.003,,100,10,4,-10,-85,-70,-10,-75,-65,14,2.0,3.0,0.3,14,6,3,0.1,0.9000000000000001,1.8,1,23,3,23
-1.3,205,0.2732,5.2,0.0575,1.018,,90,17,6,-5,-70,-65,-20,-90,-35,20,1.25,2.25,0.4,10,7,2,0.05,0.9000000000000001,1.2,3,22,3,21
-1.49,174,0.2356,-11.58,0.091,0.949,,50,18,7,-10,-85,-70,-15,-65,-35,13,1.25,2.5,0.4,8,13,2,0.05,0.6000000000000001,1.4,4,22,0,19
-1.78,38,0.2632,-16.44,0.0322,0.749,,90,42,3,-15,-95,-65,-20,-65,-55,19,2.75,2.0,0.7,16,13,4,0.2,0.8,1.8,5,18,2,23
-1.83,145,0.2069,-5.46,0.0389,0.956,,60,25,19,-10,-75,-65,-25,-90,-50,14,2.75,2.0,0.3,16,3,7,0.2,0.6000000000000001,2.6,3,20,4,19
-2.0,184,0.2772,-3.33,0.0626,0.982,,60,17,9,-5,-85,-70,-15,-65,-35,14,2.5,2.5,0.4,8,14,2,0.05,0.7,1.4,4,22,0,23
-2.24,237,0.3376,-3.76,0.0588,0.986,,60,12,4,-5,-85,-40,-20,-90,-55,11,1.75,1.5,0.6000000000000001,14,13,6,0.25,1.0,2.8,2,21,3,21
-2.44,140,0.2714,-14.98,0.0518,0.899,,80,25,13,-15,-90,-45,-15,-80,-35,14,2.75,1.5,0.5,18,10,5,0.05,0.9000000000000001,1.2,6,23,3,24
-2.69,297,0.2189,-22.64,0.1671,0.941,,70,16,9,-5,-85,-70,-15,-65,-35,13,1.25,2.5,0.4,8,15,2,0.05,0.7,1.6,4,22,0,22
-2.69,297,0.2189,-22.64,0.1671,0.941,,70,16,9,-5,-85,-70,-15,-65,-35,13,1.25,2.5,0.4,8,13,2,0.05,0.7,1.6,4,22,0,22
-2.7,145,0.2414,-31.01,0.0627,0.865,,50,16,4,-5,-80,-65,-20,-75,-65,16,2.25,2.75,0.4,8,12,5,0.15000000000000002,0.8,1.2,5,23,3,22
-3.05,303,0.2871,-13.08,0.0983,0.97,,70,16,6,-5,-75,-60,-15,-80,-35,18,1.5,2.25,0.4,10,7,3,0.1,0.8,1.4,6,21,3,23
-3.06,417,0.2038,-29.61,0.1521,0.935,,70,17,8,-5,-80,-70,-15,-65,-35,13,1.25,2.5,0.4,8,13,2,0.05,0.7,1.4,5,23,0,22
-3.16,13,0.2308,-12.62,0.0196,0.412,,70,45,5,-5,-80,-45,-25,-75,-50,11,3.0,1.5,0.6000000000000001,14,13,8,0.25,0.9000000000000001,2.8,1,23,2,22
-3.23,590,0.2627,-2.75,0.0858,0.997,,100,31,5,-25,-70,-65,-10,-95,-45,12,1.25,3.0,0.6000000000000001,4,14,5,0.3,0.6000000000000001,3.0,9,24,4,21
-3.58,336,0.4077,-33.09,0.1269,0.917,,70,22,17,-25,-75,-65,-15,-80,-30,15,1.75,2.5,0.4,6,6,2,0.05,0.7,1.4,3,21,3,22
-3.81,198,0.4091,-11.06,0.0582,0.961,,130,38,18,-10,-80,-70,-15,-80,-40,10,3.0,2.0,0.7,20,14,8,0.35,0.7,2.4000000000000004,3,21,1,23
-3.92,618,0.2314,-26.96,0.1743,0.966,,50,20,6,-35,-85,-70,-15,-65,-35,13,1.25,2.5,0.4,8,14,2,0.05,0.7,1.6,5,24,2,22
-4.08,444,0.4032,-13.77,0.085,0.975,,90,17,4,-5,-75,-70,-15,-80,-35,14,2.0,2.5,0.4,8,5,2,0.1,0.9000000000000001,1.6,3,22,3,22
-4.29,320,0.3969,-18.65,0.0729,0.958,,80,14,4,-5,-75,-60,-15,-85,-30,19,1.5,2.25,0.4,4,4,2,0.05,0.8,1.2,5,20,3,22
-4.5,332,0.3223,-12.61,0.0763,0.971,,190,17,14,-15,-85,-40,-15,-75,-35,11,2.25,1.75,0.7,20,13,2,0.3,0.6000000000000001,3.2,1,20,2,23
-4.97,44,0.1364,-19.88,0.0317,0.648,,60,16,7,-5,-85,-70,-15,-65,-35,13,1.25,2.5,0.4,8,13,2,0.3,0.7,1.4,5,17,0,22
-5.07,312,0.3782,-74.4,0.1541,0.792,,90,15,19,-5,-75,-65,-15,-80,-30,15,2.0,2.5,0.4,6,7,2,0.05,0.7,1.6,1,22,3,22
-5.51,153,0.1895,-18.68,0.072,0.901,,50,16,11,-5,-90,-70,-15,-65,-30,14,1.25,2.5,0.4,8,13,2,0.05,0.6000000000000001,1.2,4,22,0,22
-5.56,103,0.2427,-21.71,0.051,0.874,,70,16,15,-5,-90,-65,-15,-65,-30,14,1.0,2.5,0.4,6,12,2,0.05,0.30000000000000004,1.2,3,20,0,22
-5.68,225,0.2,-22.24,0.1061,0.919,,50,18,9,-5,-85,-70,-20,-65,-35,13,1.25,2.5,0.4,8,15,2,0.05,0.6000000000000001,1.4,5,22,0,22
-6.05,298,0.3926,-13.71,0.0993,0.965,,100,19,3,-5,-75,-55,-15,-85,-30,18,1.5,2.25,0.4,4,5,2,0.35,0.8,1.2,3,20,3,22
-6.07,68,0.2353,0.54,0.0492,1.006,,50,18,8,-5,-95,-70,-15,-65,-30,13,1.25,2.5,0.4,8,14,2,0.05,0.7,1.4,4,22,2,22
-6.2,348,0.3218,-18.22,0.1144,0.967,,60,12,3,-5,-75,-60,-10,-80,-60,15,1.75,2.75,0.4,10,4,4,0.05,0.9000000000000001,1.2,1,22,3,22
-6.22,90,0.3111,-24.44,0.043,0.836,,70,13,19,-5,-75,-60,-15,-85,-30,17,1.5,2.75,0.4,4,3,2,0.05,0.8,1.2,3,19,3,23
-6.35,567,0.2716,-21.41,0.1211,0.972,,80,11,4,-5,-75,-60,-20,-80,-30,16,1.75,2.25,0.4,14,6,2,0.05,0.9000000000000001,1.6,3,22,3,22
-6.36,447,0.264,-27.23,0.1361,0.955,,80,14,4,-5,-70,-60,-15,-80,-30,16,1.5,2.25,0.4,12,5,2,0.05,0.8,1.4,4,20,3,21
-6.41,397,0.3275,-33.92,0.1164,0.936,,90,17,3,-5,-75,-60,-15,-85,-30,19,1.5,2.25,0.4,6,5,2,0.05,0.8,1.2,3,20,3,23
-6.88,186,0.4516,-46.71,0.0965,0.784,,60,18,17,-5,-75,-65,-15,-80,-30,15,1.5,3.0,0.4,6,6,2,0.05,0.7,1.6,3,21,3,22
-7.0,305,0.282,-24.85,0.094,0.938,,70,17,6,-5,-85,-70,-25,-90,-60,10,1.75,2.0,0.6000000000000001,14,11,6,0.35,0.6000000000000001,3.4000000000000004,0,24,3,21
-7.23,80,0.275,-20.31,0.0419,0.789,,70,28,3,-10,-85,-60,-20,-95,-40,10,2.25,1.5,0.5,12,9,7,0.25,0.8,3.2,1,19,3,22
-7.26,470,0.4043,-21.43,0.099,0.965,,140,28,17,-30,-80,-45,-35,-75,-65,10,3.0,3.0,0.4,4,11,7,0.2,0.30000000000000004,2.6,0,23,1,22
-8.01,315,0.3841,-83.94,0.1692,0.761,,90,15,17,-5,-75,-65,-15,-80,-30,15,2.0,2.5,0.4,6,9,2,0.05,0.7,3.8,2,21,3,22
-8.87,196,0.352,-33.43,0.0989,0.872,,80,17,14,-5,-80,-65,-15,-90,-30,17,1.5,2.75,0.4,6,5,2,0.1,0.7,1.4,3,21,3,22
-9.13,204,0.2255,-38.19,0.1044,0.841,,80,14,18,-5,-90,-65,-15,-80,-30,14,2.0,2.5,0.4,6,10,2,0.05,0.6000000000000001,1.2,2,22,3,22
-9.19,580,0.2241,-38.5,0.152,0.95,,70,17,9,-30,-85,-70,-20,-65,-40,13,1.25,2.5,0.4,20,13,2,0.05,0.7,1.4,4,22,0,20
-9.27,177,0.2712,-33.94,0.0562,0.867,,50,19,3,-5,-75,-60,-15,-80,-30,15,1.5,2.25,0.4,8,4,2,0.05,0.8,1.2,5,21,3,22
-10.56,390,0.3821,-50.52,0.1213,0.906,,90,18,4,-5,-75,-60,-15,-85,-30,18,1.5,2.25,0.4,4,4,2,0.05,0.8,1.4,4,20,3,22
-12.75,198,0.2525,-48.15,0.0903,0.809,,70,20,16,-5,-75,-65,-15,-80,-35,15,1.5,2.5,0.4,6,7,2,0.05,0.6000000000000001,1.4,3,21,3,22
-13.08,157,0.3949,-51.18,0.0766,0.712,,60,15,17,-5,-75,-70,-15,-80,-45,15,2.0,2.5,0.4,6,7,2,0.05,0.7,1.4,2,21,3,22
-13.81,369,0.2114,-57.15,0.191,0.886,,70,15,6,-10,-85,-70,-15,-65,-35,13,1.25,2.5,0.4,8,13,2,0.05,0.7,1.4,4,22,0,22
-14.06,173,0.1965,-56.26,0.0784,0.781,,70,13,16,-5,-90,-65,-15,-65,-30,13,1.0,2.5,0.4,6,12,2,0.05,0.6000000000000001,1.2,3,21,0,22
-14.82,239,0.3138,-59.22,0.1204,0.789,,80,24,16,-5,-75,-65,-15,-80,-30,14,1.5,2.5,0.4,6,7,2,0.05,0.7,1.6,3,21,3,22
-15.26,84,0.1905,-36.34,0.0866,0.714,,50,18,8,-5,-85,-70,-15,-70,-30,14,1.25,2.5,0.4,8,14,2,0.05,0.7,1.2,4,22,0,22
-15.65,322,0.4068,-77.53,0.1412,0.786,,290,15,19,-5,-75,-65,-15,-80,-30,15,2.0,2.5,0.4,6,8,5,0.05,0.7,1.4,2,22,3,22
-16.98,476,0.2437,-61.5,0.1334,0.883,,90,17,3,-5,-75,-65,-15,-85,-35,17,1.75,2.25,0.4,12,11,2,0.05,0.7,1.4,4,21,3,22
-17.26,273,0.2088,-72.45,0.1796,0.817,,70,15,10,-5,-85,-70,-15,-65,-35,12,1.25,2.5,0.4,10,15,2,0.05,0.7,3.2,4,22,0,22
-17.38,398,0.3668,-63.79,0.1495,0.889,,80,12,3,-5,-75,-65,-10,-80,-30,18,1.5,2.25,0.4,4,3,2,0.05,0.9000000000000001,1.2,6,22,3,22
-17.83,313,0.4537,-76.46,0.14,0.808,,110,16,3,-5,-75,-60,-15,-85,-30,18,1.5,2.25,0.4,4,4,2,0.05,0.8,1.2,4,19,3,22
-18.06,406,0.2685,-72.26,0.1082,0.848,,100,13,3,-5,-85,-70,-25,-90,-55,13,2.0,1.75,0.5,12,10,6,0.3,0.7,2.8,3,24,3,19
-19.01,312,0.3269,-74.41,0.0991,0.813,,110,11,8,-10,-90,-35,-20,-85,-40,12,3.0,1.75,0.6000000000000001,18,13,4,0.3,0.8,3.8,2,20,2,24
-20.25,67,0.0597,-81.01,0.081,0.222,,70,40,8,-5,-85,-70,-15,-65,-35,13,1.25,2.5,0.4,8,15,2,0.05,0.7,1.4,6,22,0,22
-21.61,292,0.3185,-86.43,0.1149,0.784,,80,12,6,-10,-85,-70,-20,-90,-45,11,1.75,1.5,0.6000000000000001,18,11,7,0.25,1.0,2.0,2,22,4,21
-22.07,129,0.2946,-88.27,0.1256,0.577,,110,39,12,-10,-75,-55,-20,-80,-30,10,3.0,1.75,0.7,18,15,8,0.3,0.8,2.6,0,19,1,24
-22.31,321,0.1931,-86.94,0.1763,0.791,,70,18,8,-5,-85,-70,-15,-65,-35,13,1.25,2.5,0.4,10,13,2,0.05,0.7,1.6,5,22,0,24
-23.11,628,0.1975,-86.92,0.1543,0.889,,70,17,8,-5,-85,-70,-20,-65,-35,13,1.25,2.5,0.4,8,14,2,0.05,0.4,1.4,4,23,0,23
-23.23,281,0.4377,-92.91,0.1193,0.752,,100,50,3,-5,-75,-60,-15,-85,-30,17,1.75,2.0,0.4,4,4,2,0.05,0.8,1.4,10,20,3,24
-23.44,342,0.2982,-93.34,0.1514,0.816,,70,13,4,-5,-75,-60,-15,-80,-30,16,1.5,2.25,0.4,6,5,2,0.05,0.8,1.4,4,20,3,22
-23.74,430,0.3651,-94.96,0.1224,0.823,,160,15,11,-5,-85,-55,-30,-70,-65,12,2.0,1.5,0.6000000000000001,8,8,7,0.35,0.5,2.4000000000000004,1,23,3,20
-23.78,386,0.1813,-92.5,0.1682,0.779,,70,20,7,-5,-80,-70,-15,-65,-35,11,1.25,2.5,0.4,8,13,2,0.05,0.7,3.8,7,23,0,22
-23.8,357,0.3585,-106.69,0.1628,0.793,,70,14,3,-5,-75,-55,-15,-75,-40,14,1.75,3.0,0.4,8,7,2,0.05,0.8,1.4,5,21,3,21
-24.5,429,0.2844,-103.84,0.1797,0.792,,50,10,7,-5,-90,-65,-20,-95,-60,14,1.5,1.5,0.5,12,12,4,0.2,0.5,3.0,1,22,3,19
-25.83,95,0.2211,-104.48,0.1143,0.338,,90,14,17,-5,-75,-70,-15,-80,-30,15,2.0,2.5,0.4,6,9,2,0.05,0.7,4.0,2,18,3,22
-27.92,345,0.2725,-111.68,0.1627,0.724,,100,12,4,-5,-80,-70,-15,-80,-35,17,2.25,2.0,0.3,10,12,3,0.1,0.9000000000000001,2.0,4,22,3,22
-28.02,155,0.3097,-112.08,0.1184,0.488,,80,27,19,-5,-75,-65,-15,-80,-30,15,2.0,2.5,0.4,6,8,2,0.05,0.7,1.4,2,22,3,22
-28.14,172,0.2616,-112.57,0.1268,0.552,,70,19,17,-5,-75,-65,-5,-80,-30,14,1.5,2.5,0.4,6,6,2,0.1,0.6000000000000001,1.6,2,21,3,22
-29.37,415,0.3133,-116.67,0.1783,0.804,,110,15,4,-5,-75,-60,-15,-85,-30,18,1.5,2.5,0.4,6,4,2,0.05,0.8,1.4,5,20,3,22
-29.41,281,0.2847,-115.79,0.1767,0.689,,80,12,5,-5,-85,-70,-20,-95,-55,11,2.25,1.5,0.6000000000000001,12,12,6,0.25,0.8,2.8,0,22,3,21
-30.49,237,0.2321,-121.95,0.129,0.63,,60,34,6,-35,-85,-40,-15,-85,-55,10,2.0,1.75,0.7,14,12,6,0.2,0.7,2.6,1,21,3,23
-30.99,367,0.2153,-118.62,0.1376,0.789,,70,15,15,-5,-90,-65,-15,-70,-30,14,1.0,2.5,0.4,6,12,2,0.05,0.2,1.2,3,22,0,22
-31.13,224,0.2589,-124.51,0.1399,0.66,,250,19,11,-5,-75,-60,-15,-85,-70,17,1.25,2.75,0.4,6,3,2,0.05,0.9000000000000001,1.2,4,20,3,22
-31.54,380,0.3684,-125.99,0.1642,0.763,,90,16,3,-5,-75,-60,-15,-85,-30,18,1.5,2.25,0.4,4,4,2,0.05,0.8,3.6000000000000005,4,19,3,22
-32.79,343,0.2741,-129.33,0.1741,0.732,,80,13,19,-30,-90,-65,-15,-80,-30,15,2.0,2.5,0.4,8,9,2,0.05,0.7,1.2,2,21,3,22
-33.9,375,0.216,-132.2,0.1653,0.751,,90,13,14,-20,-90,-65,-15,-65,-30,14,1.0,2.5,0.4,6,14,2,0.05,0.7,1.2,3,21,0,22
-35.87,531,0.3089,-151.71,0.2579,0.738,,300,17,7,-5,-75,-60,-10,-75,-40,16,1.75,2.5,0.3,6,8,2,0.1,0.7,1.6,3,22,3,21
-36.93,366,0.3005,-148.27,0.1973,0.684,,70,14,19,-5,-75,-65,-15,-80,-30,14,2.0,2.5,0.4,6,7,2,0.05,0.6000000000000001,1.6,1,22,3,22
-37.68,613,0.2137,-146.66,0.2355,0.756,,270,14,3,-5,-85,-70,-15,-80,-30,17,1.5,2.0,0.3,10,4,3,0.1,0.7,1.4,3,21,3,21
-39.3,411,0.2287,-157.19,0.2041,0.763,,70,13,4,-5,-75,-60,-15,-80,-35,18,1.25,2.25,0.4,10,5,2,0.1,0.9000000000000001,1.6,4,21,3,22
-39.74,611,0.2766,-169.77,0.2816,0.771,,90,11,4,-5,-80,-65,-15,-90,-40,15,1.5,2.5,0.3,8,3,6,0.2,0.8,2.8,6,22,3,20
-39.78,266,0.2143,-157.17,0.1919,0.579,,80,12,15,-10,-80,-65,-25,-90,-45,12,1.75,1.75,0.5,14,12,6,0.2,0.8,2.2,0,22,3,18
-40.17,413,0.2397,-183.74,0.2856,0.619,,90,22,7,-10,-70,-65,-15,-80,-35,15,2.5,2.75,0.3,12,11,2,0.15000000000000002,0.7,1.6,0,23,2,22
-42.29,230,0.113,-169.18,0.1995,0.455,,50,18,6,-5,-85,-70,-10,-65,-35,12,1.25,2.5,0.4,8,14,3,0.05,0.5,1.4,5,22,0,22
-44.68,313,0.278,-178.71,0.2218,0.635,,110,14,4,-5,-80,-70,-15,-75,-35,17,1.75,2.0,0.4,6,7,2,0.05,0.8,1.8,5,19,3,22
-47.08,310,0.3581,-188.31,0.2051,0.592,,150,30,9,-20,-85,-55,-35,-90,-45,11,2.75,1.75,0.7,14,14,5,0.3,0.9000000000000001,2.4000000000000004,8,23,4,23
-47.18,996,0.4076,-184.9,0.2539,0.834,,80,12,4,-5,-75,-60,-15,-80,-30,16,1.75,2.25,0.4,4,5,2,0.05,0.30000000000000004,1.4,4,22,3,22
-48.84,254,0.2756,-195.36,0.2346,0.514,,120,20,4,-5,-75,-60,-15,-85,-30,18,1.25,2.25,0.4,4,5,2,0.05,0.8,1.2,3,19,3,22
-50.97,609,0.2479,-199.3,0.2658,0.728,,90,10,7,-5,-80,-65,-25,-85,-60,13,2.0,1.75,0.6000000000000001,16,13,5,0.2,0.7,2.2,0,23,2,20
-51.78,411,0.1776,-206.8,0.2337,0.667,,50,17,11,-30,-90,-70,-15,-65,-30,14,1.25,2.5,0.4,8,14,2,0.05,0.7,1.2,4,23,0,22
-54.81,236,0.2712,-219.23,0.2423,0.383,,60,13,5,-5,-75,-60,-5,-65,-30,16,2.25,2.25,0.4,8,8,3,0.1,0.7,1.4,4,20,3,21
-56.1,596,0.2248,-222.75,0.2628,0.709,,70,15,5,-5,-75,-55,-15,-75,-35,14,1.75,2.25,0.5,12,8,2,0.05,0.5,1.6,4,22,3,22
-62.4,250,0.092,-248.3,0.2605,0.323,,50,16,12,-10,-90,-70,-15,-65,-30,14,1.0,2.5,0.4,8,13,2,0.05,0.4,1.4,3,22,0,22
-64.42,549,0.2641,-257.67,0.2962,0.63,,70,14,3,-5,-70,-60,-30,-95,-60,11,2.5,1.5,0.6000000000000001,16,10,7,0.25,0.6000000000000001,3.0,0,24,3,22
-65.67,544,0.1893,-261.64,0.3129,0.62,,240,33,16,-20,-80,-55,-35,-95,-70,17,1.5,2.25,0.4,10,12,8,0.1,0.2,2.0,2,24,4,22
-69.45,526,0.2662,-277.81,0.3181,0.641,,120,15,5,-10,-75,-65,-20,-85,-35,15,2.0,2.5,0.4,8,12,2,0.05,0.8,1.6,11,21,3,23
-70.0,464,0.2091,-280.02,0.3231,0.571,,110,12,3,-5,-75,-55,-15,-85,-30,17,1.25,2.25,0.4,6,5,2,0.05,0.8,1.2,4,19,3,22
-71.12,284,0.162,-284.49,0.2965,0.335,,140,16,6,-5,-85,-70,-15,-65,-35,12,2.75,2.5,0.4,10,14,2,0.05,0.7,1.4,4,22,0,22
-74.72,221,0.1403,-298.86,0.3172,0.317,,220,10,5,-20,-75,-45,-30,-75,-60,13,2.5,2.5,0.6000000000000001,14,4,7,0.15000000000000002,0.4,1.8,12,17,4,22
-75.69,425,0.2729,-302.77,0.3203,0.531,,110,15,3,-5,-80,-65,-10,-70,-40,15,2.25,2.75,0.4,14,13,3,0.05,0.9000000000000001,1.6,1,22,0,23
-76.58,544,0.2555,-306.3,0.3279,0.649,,120,15,4,-5,-75,-50,-30,-75,-55,19,1.25,1.75,0.6000000000000001,10,11,2,0.3,1.0,2.6,2,23,4,22
-77.12,525,0.219,-308.49,0.3272,0.622,,140,48,16,-15,-90,-65,-35,-65,-45,17,1.0,3.0,0.4,6,5,7,0.15000000000000002,0.6000000000000001,2.4000000000000004,3,19,0,20
-77.97,841,0.2021,-311.87,0.3477,0.676,,130,11,5,-10,-75,-65,-10,-70,-35,17,1.25,2.25,0.3,8,6,3,0.15000000000000002,0.9000000000000001,1.8,5,22,4,23
-85.36,732,0.2855,-341.45,0.3578,0.656,,120,13,4,-10,-75,-65,-30,-80,-50,12,2.0,1.75,0.6000000000000001,10,9,3,0.3,0.7,2.6,3,23,2,21
-85.56,439,0.1048,-342.24,0.3657,0.386,,160,19,7,-5,-85,-70,-15,-65,-35,13,1.25,2.5,0.4,10,15,2,0.05,0.7,1.4,4,23,0,23
-94.53,513,0.1871,-378.14,0.3925,0.338,,90,15,4,-5,-70,-65,-5,-75,-35,15,1.5,2.75,0.3,8,6,3,0.05,0.2,1.4,7,20,3,22
-149.64,719,0.1697,-598.58,0.6067,0.417,,130,21,4,-35,-70,-55,-20,-85,-30,18,1.25,2.25,0.4,6,3,2,0.05,0.8,1.2,12,20,3,18
-999999.0,0,,,,,WPR feltétel nem teljesült,60,16,8,-5,-65,-70,-15,-65,-30,14,1.0,2.5,0.4,8,14,2,0.05,0.7,1.4,4,22,0,22
-999999.0,0,,,,,nincs értékelhető trade a TEST ablakokban,70,17,18,-5,-75,-65,-15,-80,-30,15,2.0,2.5,0.4,6,8,2,0.05,0.6000000000000001,1.4,2,14,3,22
-999999.0,0,,,,,WPR feltétel nem teljesült,70,17,19,-5,-75,-65,-35,-80,-30,14,2.0,2.5,0.4,6,9,2,0.05,0.7,1.6,2,21,3,23
-999999.0,0,,,,,WPR feltétel nem teljesült,80,14,10,-5,-65,-65,-15,-65,-30,14,1.0,2.5,0.4,6,12,2,0.05,0.7,1.2,3,22,0,22
-999999.0,0,,,,,WPR feltétel nem teljesült,60,46,7,-15,-65,-70,-35,-85,-50,11,1.5,1.5,0.7,8,6,8,0.25,0.9000000000000001,3.8,3,24,2,22
-999999.0,0,,,,,WPR feltétel nem teljesült,280,18,8,-5,-85,-70,-35,-65,-35,12,1.25,2.5,0.4,8,13,2,0.1,0.7,1.4,4,23,0,22
-999999.0,0,,,,,WPR feltétel nem teljesült,110,37,17,-20,-80,-60,-35,-65,-30,16,1.75,2.0,0.7,18,13,7,0.25,0.2,1.6,11,19,0,18
-999999.0,0,,,,,nincs értékelhető trade a TEST ablakokban,210,35,12,-35,-70,-60,-30,-95,-45,17,1.0,2.25,0.6000000000000001,6,11,3,0.15000000000000002,1.0,1.6,4,13,4,24
-999999.0,0,,,,,nincs értékelhető trade a TEST ablakokban,70,44,15,-5,-90,-65,-15,-65,-30,13,1.0,2.5,0.4,6,12,2,0.05,0.7,1.2,3,21,0,22
-999999.0,0,,,,,nincs értékelhető trade a TEST ablakokban,70,16,16,-5,-95,-30,-15,-65,-30,14,1.0,2.5,0.4,6,12,2,0.05,0.7,1.2,3,15,0,22
-999999.0,0,,,,,nincs értékelhető trade a TEST ablakokban,100,12,13,-5,-90,-65,-15,-65,-30,14,1.0,2.5,0.4,6,11,2,0.05,0.7,1.2,3,16,0,22
-999999.0,0,,,,,nincs értékelhető trade a TEST ablakokban,90,14,15,-5,-90,-65,-15,-65,-30,14,1.0,2.5,0.4,6,12,2,0.05,0.7,1.2,3,12,0,22
-999999.0,0,,,,,WPR feltétel nem teljesült,60,13,5,-5,-75,-60,-35,-90,-30,15,1.75,2.5,0.4,12,5,2,0.05,0.8,1.4,3,22,3,23
-999999.0,0,,,,,nincs értékelhető trade a TEST ablakokban,80,32,4,-10,-85,-50,-25,-90,-50,12,2.25,1.5,0.5,12,14,5,0.25,0.9000000000000001,3.2,2,12,2,21
-999999.0,0,,,,,nincs értékelhető trade a TEST ablakokban,50,17,4,-5,-95,-70,-25,-75,-50,10,1.0,1.5,0.5,20,15,6,0.25,1.0,2.2,3,21,1,21
-999999.0,0,,,,,nincs értékelhető trade a TEST ablakokban,60,23,6,-5,-80,-50,-30,-70,-65,10,2.0,2.75,0.6000000000000001,10,10,7,0.2,0.7,2.4000000000000004,1,14,0,19
-999999.0,0,,,,,nincs értékelhető trade a TEST ablakokban,60,48,8,-5,-85,-70,-15,-65,-40,12,1.25,2.5,0.4,8,14,2,0.05,0.7,1.4,10,22,0,22
-999999.0,0,,,,,nincs értékelhető trade a TEST ablakokban,50,35,7,-10,-85,-70,-15,-65,-35,13,1.25,2.5,0.4,8,15,2,0.05,0.7,1.4,8,23,1,22
-999999.0,0,,,,,nincs értékelhető trade a TEST ablakokban,50,36,3,-5,-80,-35,-20,-80,-45,11,2.75,1.75,0.6000000000000001,16,12,3,0.25,0.8,2.8,1,22,3,24
-999999.0,0,,,,,WPR feltétel nem teljesült,120,16,5,-5,-65,-65,-10,-75,-30,18,1.75,2.5,0.3,10,9,2,0.1,0.7,1.4,2,24,3,22
-999999.0,0,,,,,WPR feltétel nem teljesült,100,20,4,-5,-70,-70,-10,-85,-35,15,1.75,2.5,0.4,12,10,2,0.05,0.8,1.2,3,22,3,22
-999999.0,0,,,,,nincs értékelhető trade a TEST ablakokban,80,18,3,-5,-70,-65,-15,-80,-30,17,1.5,2.5,0.4,12,9,2,0.05,0.8,1.4,2,16,3,22
-999999.0,0,,,,,nincs értékelhető trade a TEST ablakokban,140,49,20,-30,-80,-60,-30,-95,-45,15,1.0,1.75,0.4,6,9,8,0.35,0.4,3.2,9,15,3,20
-999999.0,0,,,,,nincs értékelhető trade a TEST ablakokban,270,42,6,-5,-80,-35,-5,-85,-70,12,1.75,2.75,0.3,12,8,8,0.1,0.30000000000000004,2.2,12,16,2,22
-999999.0,0,,,,,nincs értékelhető trade a TEST ablakokban,210,19,7,-5,-85,-70,-15,-70,-40,13,1.25,2.5,0.4,8,13,2,0.05,0.7,1.4,4,13,0,21
-999999.0,0,,,,,WPR feltétel nem teljesült,300,41,6,-35,-70,-40,-10,-70,-70,13,1.25,3.0,0.4,4,7,6,0.15000000000000002,0.8,3.0,11,18,0,22
-999999.0,0,,,,,nincs értékelhető trade a TEST ablakokban,130,31,12,-30,-65,-40,-5,-65,-45,20,1.0,1.75,0.4,10,6,2,0.3,0.5,2.0,7,13,4,18
-999999.0,0,,,,,nincs értékelhető trade a TEST ablakokban,50,18,7,-5,-85,-70,-20,-65,-35,14,1.25,2.5,0.4,8,14,2,0.05,0.7,1.6,5,14,0,22
