score;trades;win_rate;total_pnl;max_drawdown;profit_factor;note;sma_period;wpr_m15_period;wpr_m1_period;wpr_m15_sell_extreme;wpr_m15_buy_extreme;wpr_m15_trigger;wpr_m1_sell_extreme;wpr_m1_buy_extreme;wpr_m1_trigger;atr_period;sl_atr_mult;tp_rr_ratio;breakeven_pct;trail_activation_pips;trail_distance_pips;max_open_slots;max_spread_atr_ratio;atr_min_pct;atr_max_pct;trade_hour_start;trade_hour_end;skip_monday_hours;skip_friday_hour
595,29;199;0,6633;607,77;0,012;5,478;;240;44;18;-25;-85;-35;-15;-75;-35;13;1,25;2,5;0,5;20;3;8;0,05;0,9000000000000001;1,6;0;12;4;23
564,48;179;0,6872;544,35;0,0106;6,023;;240;16;17;-25;-85;-40;-15;-75;-35;13;1,25;2,5;0,5;18;13;5;0,05;0,9000000000000001;1,2;2;12;1;23
522,5;270;0,5926;678,76;0,0109;3,993;;270;16;14;-20;-85;-35;-15;-75;-35;14;1,25;2,5;0,5;16;13;5;0,05;0,9000000000000001;1,2;1;12;1;23
516,37;313;0,5942;711,17;0,0302;3,369;;230;43;19;-30;-85;-35;-15;-75;-30;14;1,25;2,5;0,5;18;4;8;0,05;0,9000000000000001;1,8;1;12;4;23
515,68;203;0,6355;557,58;0,0117;4,718;;240;19;16;-25;-85;-35;-15;-75;-35;13;1,25;2,5;0,5;18;13;5;0,05;0,9000000000000001;1,2;2;12;4;23
511,7;219;0,6347;583,22;0,0214;4,51;;230;16;19;-30;-85;-35;-15;-75;-35;14;1,25;2,5;0,5;18;3;8;0,05;0,9000000000000001;1,6;2;12;4;23
507,09;219;0,6256;578,42;0,0191;4,469;;230;43;18;-30;-85;-35;-15;-75;-35;14;1,25;2,5;0,5;18;3;8;0,05;0,9000000000000001;1,8;1;12;4;23
507,09;219;0,6256;578,42;0,0191;4,469;;230;43;18;-30;-85;-35;-15;-75;-35;14;1,25;2,5;0,5;18;3;8;0,05;0,9000000000000001;1,8;1;12;4;23
507,09;219;0,6256;578,42;0,0191;4,469;;230;43;18;-30;-85;-35;-15;-75;-35;14;1,25;2,5;0,5;18;3;8;0,05;0,9000000000000001;1,8;1;12;4;23
506,99;313;0,6006;702,72;0,0302;3,351;;230;43;19;-30;-85;-35;-15;-75;-30;14;1,25;2,5;0,5;16;4;8;0,05;0,9000000000000001;1,8;1;12;4;23
500,3;186;0,6559;535,72;0,0118;4,937;;230;41;19;-30;-85;-35;-15;-75;-35;14;1,25;2,5;0,5;18;3;8;0,05;0,9000000000000001;1,6;1;12;4;23
500,3;186;0,6559;535,72;0,0118;4,937;;230;41;19;-30;-85;-35;-15;-75;-35;14;1,25;2,5;0,5;18;3;8;0,05;0,9000000000000001;1,6;1;12;4;23
497,58;426;0,493;890,0;0,033;2,973;;250;17;15;-25;-85;-35;-15;-75;-35;13;1,25;2,5;0,5;18;14;5;0,05;0,7;1,2;2;12;1;23
491,42;458;0,5218;875,3;0,0331;2,843;;260;20;14;-25;-85;-35;-15;-75;-35;12;1,5;2,5;0,5;18;13;6;0,15000000000000002;0,7;1,2;3;12;1;23
490,86;223;0,6323;570,26;0,0129;4,265;;240;44;18;-30;-85;-35;-15;-75;-35;14;1,25;2,5;0,5;18;3;8;0,05;0,9000000000000001;1,6;0;12;4;23
487,5;193;0,6425;540,73;0,0235;4,976;;230;17;18;-20;-85;-35;-15;-75;-35;14;1,25;2,5;0,5;18;3;8;0,05;0,9000000000000001;1,6;2;12;4;23
485,37;248;0,6008;609,53;0,026;4,055;;230;16;18;-30;-85;-35;-15;-75;-35;14;1,25;2,5;0,5;18;3;8;0,05;0,9000000000000001;1,6;2;12;4;23
485,37;248;0,6008;609,53;0,026;4,055;;230;16;18;-30;-85;-35;-15;-75;-35;14;1,25;2,5;0,5;18;3;8;0,05;0,9000000000000001;1,6;2;12;4;23
484,49;216;0,6204;561,31;0,0108;4,415;;230;42;18;-30;-85;-35;-15;-75;-35;14;1,25;2,5;0,5;18;3;8;0,05;0,9000000000000001;1,8;1;12;4;23
484,49;216;0,6204;561,31;0,0108;4,415;;230;42;18;-30;-85;-35;-15;-75;-35;14;1,25;2,5;0,5;18;3;8;0,05;0,9000000000000001;1,8;1;12;4;23
484,49;216;0,6204;561,31;0,0108;4,415;;230;42;18;-30;-85;-35;-15;-75;-35;14;1,25;2,5;0,5;18;3;8;0,05;0,9000000000000001;1,8;1;12;4;23
484,49;216;0,6204;561,31;0,0108;4,415;;230;42;18;-30;-85;-35;-15;-75;-35;14;1,25;2,5;0,5;18;3;8;0,05;0,9000000000000001;1,8;1;12;4;23
484,49;216;0,6204;561,31;0,0108;4,415;;230;42;18;-30;-85;-35;-15;-75;-35;14;1,25;2,5;0,5;18;3;8;0,05;0,9000000000000001;1,8;1;12;4;23
480,89;506;0,5672;815,43;0,0267;2,931;;260;18;14;-25;-85;-40;-15;-75;-35;13;1,75;2,5;0,5;18;13;5;0,05;0,7;1,4;2;12;1;23
480,14;222;0,6261;570,68;0,0231;4,298;;240;16;19;-30;-85;-35;-15;-75;-35;14;1,25;2,5;0,5;18;3;8;0,05;0,9000000000000001;1,6;2;12;4;23
480,07;197;0,6396;529,25;0,0142;4,539;;250;17;16;-25;-85;-35;-15;-75;-35;13;1,25;2,5;0,5;18;13;5;0,05;0,9000000000000001;1,2;2;12;1;23
477,65;248;0,6008;601,45;0,026;4,022;;230;16;18;-30;-85;-35;-15;-75;-35;14;1,25;2,5;0,5;18;4;8;0,05;0,9000000000000001;1,6;2;12;4;23
473,38;191;0,6335;512,56;0,0149;4,715;;250;17;16;-25;-85;-35;-15;-75;-35;13;1,25;2,5;0,5;18;13;5;0,05;0,9000000000000001;1,2;2;12;4;23
473,38;191;0,6335;512,56;0,0149;4,715;;250;17;16;-25;-85;-35;-15;-75;-35;13;1,25;2,5;0,5;18;13;5;0,05;0,9000000000000001;1,2;2;12;4;23
472,71;219;0,6164;558,15;0,0195;4,299;;230;43;18;-30;-85;-35;-15;-75;-35;14;1,25;2,5;0,5;18;3;8;0,05;0,9000000000000001;2,0;1;12;4;23
470,39;188;0,6436;516,22;0,0121;4,713;;230;42;19;-30;-85;-35;-15;-75;-35;14;1,25;2,5;0,5;18;3;8;0,05;0,9000000000000001;1,8;1;12;4;23
469,52;216;0,6296;546,52;0,0102;4,334;;230;41;18;-30;-85;-35;-15;-75;-35;14;1,25;2,5;0,5;16;3;8;0,05;0,9000000000000001;1,8;1;12;4;23
468,66;356;0,5562;749,89;0,0382;2,96;;230;44;18;-30;-85;-35;-15;-75;-30;14;1,25;2,5;0,5;18;3;8;0,05;0,9000000000000001;1,6;1;12;4;23
468,58;202;0,6436;535,31;0,0116;4,407;;240;41;19;-30;-85;-35;-15;-75;-35;14;1,25;2,5;0,5;18;3;8;0,05;0,9000000000000001;1,8;1;12;4;23
462,76;244;0,6025;575,31;0,0307;3,887;;230;15;19;-30;-85;-35;-15;-75;-35;14;1,25;2,5;0,5;18;3;8;0,05;0,9000000000000001;1,6;1;12;4;23
457,62;201;0,6368;533,09;0,0138;4,266;;240;41;19;-30;-85;-35;-15;-75;-35;14;1,25;2,75;0,5;18;4;4;0,05;0,9000000000000001;1,8;1;13;4;23
456,56;238;0,5966;584,07;0,0351;4,028;;230;18;18;-30;-85;-35;-15;-75;-35;14;1,25;2,5;0,5;18;3;8;0,05;0,9000000000000001;1,6;2;12;4;23
454,53;277;0,5812;616,93;0,0287;3,57;;230;16;17;-30;-85;-35;-15;-75;-35;14;1,25;2,5;0,5;18;4;8;0,05;0,9000000000000001;1,6;2;12;4;23
453,71;208;0,5962;542,91;0,0124;4,34;;240;16;16;-25;-85;-35;-15;-75;-35;14;1,25;2,5;0,5;18;3;8;0,05;0,9000000000000001;1,2;2;12;4;23
448,73;218;0,6468;517,75;0,0203;4,14;;270;16;15;-25;-85;-40;-15;-75;-35;13;1,5;2,5;0,5;18;13;5;0,05;0,9000000000000001;1,2;2;12;1;23
447,74;207;0,628;528,89;0,015;4,275;;240;34;19;-30;-85;-35;-15;-75;-35;14;1,25;2,5;0,5;18;3;8;0,05;0,9000000000000001;1,8;1;12;4;23
447,19;249;0,5904;587,72;0,0287;3,841;;240;16;18;-30;-85;-35;-15;-75;-35;14;1,25;2,5;0,5;18;3;8;0,05;0,9000000000000001;1,6;2;12;4;23
445,24;238;0,5966;573,0;0,0352;3,971;;230;18;18;-30;-85;-35;-15;-75;-35;14;1,25;2,5;0,5;18;4;8;0,05;0,9000000000000001;1,6;2;12;4;23
441,33;174;0,6494;482,31;0,0118;4,806;;230;40;19;-30;-85;-35;-15;-75;-35;14;1,25;2,5;0,5;18;4;8;0,05;0,9000000000000001;1,6;1;12;4;23
439,75;370;0,527;690,33;0,038;2,868;;270;21;15;-25;-85;-35;-15;-75;-35;12;1,5;2,5;0,5;18;12;6;0,15000000000000002;0,7;1,2;3;12;1;23
437,98;207;0,6184;523,38;0,0116;4,172;;250;40;19;-30;-85;-35;-15;-75;-35;14;1,25;2,5;0,5;18;3;8;0,05;0,9000000000000001;1,8;1;12;4;23
435,7;223;0,6099;548,35;0,0255;3,972;;220;16;19;-30;-85;-35;-15;-75;-35;14;1,25;2,5;0,5;18;3;8;0,05;0,9000000000000001;1,6;2;12;4;23
435,01;171;0,6433;477,78;0,0141;4,786;;230;39;19;-30;-85;-35;-15;-75;-35;14;1,25;2,5;0,5;18;3;8;0,05;0,9000000000000001;1,6;1;12;4;20
432,53;223;0,5695;570,83;0,0178;3,782;;240;44;18;-30;-85;-35;-15;-75;-35;14;1,0;2,5;0,5;20;3;8;0,05;0,9000000000000001;1,6;0;12;4;23
432,16;302;0,5894;657,01;0,019;3,42;;270;16;15;-25;-85;-40;-15;-70;-35;13;1,5;2,5;0,5;18;13;5;0,05;0,8;1,2;2;12;1;23
431,89;308;0,5227;626,39;0,0419;3,297;;240;16;17;-25;-85;-40;-15;-75;-35;13;1,25;2,5;0,5;18;14;5;0,05;0,8;1,4;3;13;1;23
430,38;246;0,5935;565,95;0,0306;3,78;;250;17;18;-30;-85;-35;-15;-75;-35;14;1,25;2,5;0,5;18;5;8;0,05;0,9000000000000001;1,6;2;12;4;23
429,55;295;0,5797;618,31;0,0418;3,248;;240;17;16;-30;-85;-35;-15;-75;-35;14;1,25;2,5;0,5;18;8;8;0,05;0,9000000000000001;1,4;2;12;4;23
427,34;221;0,6109;530,98;0,0124;3,951;;240;39;18;-30;-85;-35;-15;-75;-35;14;1,25;2,5;0,5;18;3;8;0,05;0,9000000000000001;1,8;0;12;4;23
427,19;400;0,5225;766,1;0,0281;2,769;;250;16;15;-25;-85;-45;-15;-75;-35;13;1,25;2,5;0,5;18;14;5;0,05;0,7;1,4;2;12;1;23
426,05;302;0,5795;630,97;0,0389;3,086;;230;43;20;-30;-85;-35;-15;-75;-30;14;1,25;2,5;0,5;16;4;8;0,05;0,9000000000000001;1,8;1;12;4;23
421,55;375;0,504;776,09;0,0189;2,964;;250;17;16;-25;-85;-40;-15;-75;-35;13;1,25;2,5;0,5;18;14;5;0,05;0,7;1,2;2;12;1;23
421,43;229;0,6026;542,34;0,0298;3,829;;240;15;19;-30;-85;-35;-15;-75;-35;14;1,25;2,5;0,5;18;3;8;0,05;0,9000000000000001;1,6;2;12;4;23
418,3;216;0,6065;525,62;0,0267;4,023;;230;17;18;-20;-85;-35;-15;-75;-35;14;1,25;2,5;0,5;18;3;8;0,05;0,9000000000000001;1,6;2;13;4;23
416,16;305;0,5607;635,36;0,0383;3,083;;230;40;18;-30;-85;-35;-15;-75;-30;14;1,25;2,5;0,5;18;3;8;0,05;0,9000000000000001;1,8;1;12;4;23
413,2;200;0,61;500,04;0,0154;4,16;;230;41;18;-30;-85;-35;-15;-75;-35;14;1,25;2,5;0,5;18;4;8;0,05;0,9000000000000001;1,8;2;12;4;23
411,54;335;0,5254;707,87;0,034;2,886;;240;44;19;-30;-85;-35;-15;-75;-30;14;1,0;2,5;0,5;18;3;8;0,05;0,9000000000000001;1,6;1;12;4;23
409,86;322;0,5776;632,05;0,0343;3,02;;230;43;19;-30;-85;-35;-15;-75;-30;14;1,25;2,5;0,5;16;4;8;0,05;0,9000000000000001;2,0;0;12;0;23
408,18;372;0,5457;654,33;0,0348;2,824;;240;42;14;-30;-85;-35;-15;-75;-35;13;1,25;2,5;0,5;18;9;7;0,05;0,9000000000000001;2,2;1;12;4;23
404,07;264;0,572;614,81;0,0121;3,455;;250;16;14;-15;-85;-30;-15;-75;-35;14;1,25;2,5;0,5;18;14;5;0,05;0,9000000000000001;1,2;1;12;1;23
403,39;192;0,5625;503,83;0,0158;4,174;;240;18;16;-25;-85;-35;-15;-75;-35;13;1,0;2,5;0,5;18;13;8;0,05;0,9000000000000001;1,2;3;12;4;23
401,49;276;0,558;577,66;0,0376;3,331;;230;18;17;-30;-85;-35;-15;-75;-35;14;1,25;2,5;0,5;18;3;8;0,05;0,9000000000000001;1,6;2;12;4;23
399,35;497;0,5171;796,89;0,0471;2,511;;270;16;15;-25;-85;-35;-15;-75;-35;13;1,5;2,5;0,5;18;13;6;0,05;0,7;1,4;2;12;1;23
399,21;398;0,5126;743,6;0,0234;2,716;;260;15;15;-25;-85;-35;-15;-75;-35;11;1,5;2,5;0,5;18;13;6;0,15000000000000002;0,7;1,2;3;12;1;23
395,73;244;0,5615;550,18;0,0117;3,76;;250;14;17;-25;-85;-40;-15;-75;-35;13;1,25;2,5;0,5;18;13;5;0,05;0,8;1,2;2;13;1;23
395,25;185;0,6162;470,22;0,0197;4,173;;230;42;20;-30;-85;-35;-15;-75;-35;14;1,25;2,5;0,5;18;4;8;0,05;0,9000000000000001;1,8;1;12;4;23
394,17;341;0,5103;712,45;0,0143;2,992;;250;14;16;-25;-85;-40;-15;-75;-35;13;1,25;2,5;0,5;18;15;5;0,05;0,7;1,2;1;12;1;23
390,96;227;0,5815;514,57;0,0456;3,704;;220;16;19;-30;-85;-35;-15;-75;-35;15;1,25;2,5;0,5;18;3;8;0,05;0,9000000000000001;1,6;2;12;4;23
389,18;216;0,588;507,58;0,0418;3,726;;210;16;20;-30;-85;-35;-15;-75;-35;14;1,25;2,5;0,5;18;3;8;0,3;0,9000000000000001;1,6;2;12;4;23
385,79;246;0,5854;543,35;0,0191;3,568;;270;16;14;-25;-85;-35;-15;-75;-35;13;1,25;2,5;0,5;18;13;5;0,05;0,9000000000000001;1,2;2;12;1;23
385,79;246;0,5854;543,35;0,0191;3,568;;270;16;14;-25;-85;-35;-15;-75;-35;13;1,25;2,5;0,5;18;13;5;0,05;0,9000000000000001;1,2;2;12;1;23
384,7;205;0,6049;487,3;0,0185;3,858;;270;17;15;-25;-85;-40;-15;-75;-35;13;1,25;2,5;0,5;18;13;5;0,05;0,9000000000000001;1,2;2;12;1;23
384,59;329;0,541;566,16;0,0555;2,833;;240;18;18;-30;-85;-35;-15;-75;-35;13;1,25;2,5;0,5;18;3;8;0,05;0,9000000000000001;1,8;0;13;4;23
382,06;445;0,5258;687,41;0,0279;2,661;;250;17;13;-15;-85;-50;-15;-70;-30;15;1,25;2,25;0,5;18;14;6;0,05;0,9000000000000001;1,6;2;14;1;23
380,95;493;0,499;776,25;0,0464;2,568;;260;19;14;-25;-85;-35;-15;-75;-35;13;1,5;2,5;0,5;18;13;6;0,1;0,7;1,2;2;12;1;23
380,46;613;0,5204;832,04;0,0401;2,429;;300;18;13;-25;-85;-40;-15;-75;-35;12;1,75;2,5;0,5;18;13;5;0,1;0,6000000000000001;1,4;2;12;1;23
380,46;613;0,5204;832,04;0,0401;2,429;;300;18;13;-25;-85;-40;-15;-75;-35;12;1,75;2,5;0,5;18;13;5;0,1;0,6000000000000001;1,4;2;12;1;23
380,18;221;0,5973;495,33;0,0405;3,667;;230;18;19;-30;-85;-35;-15;-75;-35;14;1,25;2,5;0,5;18;5;8;0,05;0,9000000000000001;1,8;2;12;4;23
379,54;282;0,5532;621,24;0,0252;3,252;;240;16;18;-30;-85;-35;-15;-75;-30;14;1,25;2,5;0,5;18;4;8;0,05;0,9000000000000001;1,2;2;12;4;23
378,62;303;0,5446;566,63;0,0479;2,981;;230;15;18;-30;-85;-35;-15;-75;-35;14;1,25;2,5;0,5;18;3;8;0,05;0,9000000000000001;1,8;1;12;4;23
378,41;280;0,5857;556,76;0,0131;3,527;;230;13;17;-25;-85;-40;-15;-75;-35;13;1,5;2,5;0,5;18;12;5;0,05;0,8;1,2;2;13;1;23
377,13;226;0,5885;500,69;0,0123;3,677;;240;38;18;-30;-85;-35;-15;-75;-35;14;1,25;2,5;0,5;18;3;8;0,05;0,9000000000000001;1,8;0;12;4;23
377,0;194;0,6289;476,21;0,0244;3,685;;240;42;18;-30;-85;-35;-15;-75;-35;15;1,25;2,5;0,7;18;3;8;0,05;0,9000000000000001;1,6;1;12;4;23
374,09;447;0,5078;757,17;0,0696;2,517;;250;18;17;-30;-85;-35;-15;-75;-30;14;1,25;2,5;0,5;18;3;8;0,05;0,9000000000000001;1,4;2;12;4;23
373,91;285;0,5544;562,4;0,0335;3,091;;240;15;17;-30;-85;-35;-15;-75;-35;14;1,25;2,5;0,5;18;4;8;0,05;0,9000000000000001;1,6;2;12;4;23
372,69;463;0,4946;723,82;0,036;2,509;;260;22;14;-25;-85;-35;-15;-75;-35;12;1,5;2,5;0,5;18;13;6;0,15000000000000002;0,7;1,2;3;12;1;23
371,7;578;0,5606;798,29;0,0326;2,375;;290;17;13;-25;-85;-40;-15;-75;-35;13;1,75;2,5;0,5;18;13;5;0,1;0,7;1,4;3;12;1;23
371,31;316;0,5222;675,53;0,0155;2,959;;250;16;16;-25;-85;-45;-15;-75;-35;13;1,25;2,5;0,5;18;14;5;0,05;0,7;1,2;2;12;1;23
370,73;409;0,4939;713,87;0,0487;2,537;;240;16;15;-25;-85;-45;-15;-75;-35;13;1,25;2,5;0,5;18;14;5;0,05;0,7;1,4;3;12;1;23
370,46;604;0,4834;909,24;0,0674;2,19;;230;43;17;-30;-85;-35;-20;-75;-30;14;1,25;2,5;0,5;18;7;8;0,05;0,9000000000000001;2,0;1;12;4;23
368,81;205;0,5366;496,12;0,0184;3,817;;260;17;15;-25;-85;-35;-15;-75;-35;13;1,0;2,5;0,5;18;13;5;0,05;0,9000000000000001;1,2;3;12;4;23
368,44;392;0,5306;686,84;0,0482;2,587;;220;44;17;-30;-85;-35;-15;-75;-30;14;1,25;2,5;0,5;16;4;8;0,05;0,9000000000000001;1,6;2;12;4;23
368,09;185;0,5892;441,55;0,0115;4,296;;240;45;19;-30;-85;-35;-15;-75;-35;14;1,25;2,5;0,3;18;3;8;0,05;0,9000000000000001;1,8;1;12;4;23
367,49;670;0,5522;834,31;0,025;2,303;;290;17;13;-30;-85;-40;-15;-75;-35;13;2,0;2,5;0,5;20;13;5;0,1;0,6000000000000001;1,4;2;12;1;23
367,49;670;0,5522;834,31;0,025;2,303;;290;17;13;-30;-85;-40;-15;-75;-35;13;2,0;2,5;0,5;20;13;5;0,1;0,6000000000000001;1,4;2;12;1;23
364,86;232;0,569;496,04;0,0432;3,465;;240;20;16;-25;-85;-35;-15;-75;-35;13;1,25;2,5;0,5;18;12;5;0,05;0,9000000000000001;1,4;3;12;4;23
358,52;205;0,5171;509,02;0,0129;3,761;;250;15;15;-15;-95;-35;-10;-85;-30;12;1,0;2,5;0,5;16;14;4;0,05;0,8;1,2;0;12;1;24
351,88;180;0,6056;435,57;0,012;3,9;;230;47;19;-30;-85;-35;-15;-75;-35;14;1,25;2,5;0,5;18;3;8;0,05;0,9000000000000001;1,6;1;12;4;23
351,58;245;0,5673;505,12;0,0379;3,309;;220;17;18;-30;-85;-35;-15;-75;-35;14;1,25;2,5;0,5;18;5;8;0,05;0,9000000000000001;1,6;2;12;4;23
350,87;272;0,5184;510,26;0,0256;3,108;;230;22;18;-30;-85;-35;-15;-65;-35;14;1,25;2,5;0,5;20;5;8;0,05;0,9000000000000001;1,6;2;12;4;23
350,39;144;0,625;387,85;0,0252;4,937;;240;45;18;-25;-85;-40;-15;-75;-35;13;1,25;2,5;0,5;20;3;8;0,05;0,9000000000000001;1,6;0;12;4;23
348,65;609;0,5255;810,57;0,0266;2,254;;300;16;14;-25;-85;-45;-15;-70;-35;11;1,75;2,5;0,5;18;12;5;0,1;0,5;1,6;3;12;1;23
347,36;182;0,6538;407,52;0,0122;4,144;;250;17;16;-25;-85;-35;-15;-75;-35;13;1,5;2,5;0,5;18;14;5;0,05;0,9000000000000001;1,2;3;12;4;23
344,58;471;0,4883;688,89;0,0355;2,411;;260;23;14;-25;-85;-35;-15;-75;-35;12;1,5;2,5;0,5;18;13;6;0,15000000000000002;0,7;1,2;3;12;1;23
344,57;239;0,5607;492,51;0,0351;3,377;;220;18;18;-30;-85;-35;-15;-75;-35;14;1,25;2,5;0,5;18;4;8;0,05;0,9000000000000001;1,6;1;12;4;23
343,32;116;0,7241;322,08;0,0092;5,553;;230;43;19;-30;-85;-35;-15;-75;-35;14;1,25;2,5;0,5;18;6;8;0,05;1,0;1,6;1;12;4;23
340,51;309;0,5081;595,98;0,0194;2,981;;250;15;17;-25;-85;-40;-15;-75;-35;13;1,25;2,5;0,5;18;13;5;0,05;0,7;1,2;2;12;1;23
338,85;507;0,4536;777,12;0,0457;2,291;;260;14;15;-25;-85;-35;-15;-75;-35;13;1,25;2,5;0,5;18;15;5;0,05;0,7;1,4;2;12;1;23
338,76;157;0,6051;399,69;0,0237;4,709;;230;17;18;-30;-85;-35;-15;-75;-40;14;1,25;2,5;0,5;18;3;8;0,05;0,9000000000000001;1,6;2;12;4;24
338,59;226;0,5708;483,06;0,0424;3,309;;220;19;19;-30;-85;-35;-15;-75;-35;14;1,25;2,5;0,5;18;3;8;0,05;0,9000000000000001;1,8;2;12;4;23
336,79;196;0,6071;426,89;0,0162;4,052;;280;19;15;-15;-90;-35;-15;-80;-40;14;1,25;2,25;0,5;16;13;5;0,05;0,9000000000000001;1,4;0;12;2;23
335,11;243;0,5226;489,42;0,0411;3,198;;230;19;16;-25;-85;-35;-15;-75;-35;13;1,0;2,5;0,5;16;13;7;0,05;0,9000000000000001;1,4;2;12;4;23
333,5;223;0,5695;467,21;0,0158;3,328;;240;46;18;-30;-85;-35;-15;-75;-35;14;1,25;2,5;0,5;18;4;8;0,05;0,9000000000000001;1,6;1;12;4;23
333,33;189;0,5979;433,71;0,0211;3,704;;230;43;18;-30;-85;-35;-15;-75;-35;15;1,25;2,5;0,5;18;3;8;0,05;0,9000000000000001;2,0;1;12;4;23
329,04;436;0,4656;733,24;0,0427;2,428;;260;17;16;-25;-85;-35;-15;-75;-35;13;1,25;2,5;0,5;18;14;5;0,05;0,7;1,4;3;12;1;23
326,2;175;0,6;398,36;0,0244;4,08;;260;19;15;-15;-90;-50;-15;-90;-35;15;1,25;2,25;0,5;18;12;3;0,05;0,9000000000000001;2,2;1;13;2;23
324,84;575;0,4904;755,65;0,0611;2,163;;260;15;14;-25;-85;-35;-15;-75;-35;13;1,5;2,5;0,5;18;13;5;0,05;0,7;1,4;2;12;1;23
324,07;152;0,625;380,03;0,0161;4,158;;230;42;19;-30;-85;-35;-15;-75;-35;15;1,25;2,5;0,5;18;3;8;0,05;0,9000000000000001;1,6;1;12;4;23
323,55;224;0,558;462,89;0,0331;3,253;;220;18;19;-30;-85;-35;-15;-75;-35;14;1,25;2,5;0,5;18;3;8;0,05;0,9000000000000001;1,6;2;13;4;23
321,46;685;0,4569;807,28;0,0719;1,973;;230;42;8;-30;-70;-40;-15;-75;-35;14;1,25;2,5;0,5;18;4;8;0,05;0,9000000000000001;1,8;2;12;4;23
321,24;198;0,596;440,62;0,0189;3,46;;240;44;18;-30;-85;-35;-15;-75;-35;15;1,25;2,5;0,5;20;3;8;0,05;0,9000000000000001;1,6;0;12;4;23
320,32;196;0,5867;418,91;0,0215;3,588;;230;40;19;-30;-85;-35;-15;-75;-35;14;1,25;2,5;0,5;18;3;7;0,05;0,9000000000000001;1,8;0;12;0;23
319,81;391;0,4706;693,16;0,0592;2,52;;230;17;18;-30;-85;-35;-15;-75;-30;14;1,0;2,5;0,5;18;4;4;0,05;0,9000000000000001;1,4;1;12;4;23
316,38;198;0,5758;433,82;0,0193;3,534;;220;43;18;-30;-85;-35;-15;-75;-35;14;1,25;2,5;0,5;18;3;8;0,05;0,9000000000000001;2,0;1;12;4;23
315,6;263;0,5551;467,66;0,0482;3,014;;240;15;18;-30;-85;-35;-15;-75;-35;13;1,25;2,5;0,5;18;8;8;0,05;0,9000000000000001;1,8;2;12;4;23
315,22;153;0,6013;386,0;0,0102;3,989;;220;42;18;-20;-85;-35;-15;-75;-35;13;1,25;2,5;0,5;18;3;8;0,05;0,9000000000000001;1,6;0;12;4;23
315,17;252;0,631;431,47;0,0449;3,159;;260;20;16;-25;-85;-35;-15;-75;-35;14;1,5;2,5;0,5;18;13;7;0,05;0,9000000000000001;1,4;2;12;4;23
313,3;186;0,629;394,39;0,0227;3,849;;250;18;16;-25;-85;-35;-15;-75;-35;13;1,5;2,5;0,5;18;13;5;0,05;0,9000000000000001;1,2;3;12;4;23
307,06;683;0,5432;791,13;0,0218;2,072;;290;17;12;-25;-85;-40;-15;-75;-35;13;2,0;2,5;0,5;18;13;6;0,15000000000000002;0,6000000000000001;1,6;3;12;1;23
306,15;602;0,5233;726,68;0,0213;2,266;;300;18;13;-25;-85;-40;-15;-75;-35;13;1,75;2,5;0,5;18;13;5;0,15000000000000002;0,6000000000000001;1,4;2;12;1;23
305,95;147;0,6327;342,17;0,0068;4,418;;250;12;17;-25;-85;-40;-15;-75;-40;13;1,5;2,5;0,5;18;14;5;0,05;0,8;1,2;3;12;1;23
305,13;161;0,6025;375,93;0,0139;3,866;;220;41;19;-30;-85;-35;-15;-75;-35;14;1,25;2,5;0,5;18;3;8;0,05;0,9000000000000001;1,8;1;13;4;23
304,89;412;0,5049;531,16;0,0602;2,227;;270;16;14;-25;-85;-35;-15;-75;-30;12;1,5;2,75;0,5;18;12;6;0,15000000000000002;0,9000000000000001;1,4;2;12;1;23
304,64;209;0,5742;419,38;0,0374;3,267;;240;19;20;-30;-85;-35;-15;-75;-35;14;1,25;2,5;0,5;18;7;8;0,05;0,9000000000000001;1,4;2;12;3;23
304,47;194;0,5722;437,22;0,0199;3,67;;230;16;17;-25;-85;-30;-15;-75;-35;14;1,25;2,5;0,5;18;9;8;0,05;0,9000000000000001;1,2;2;12;4;23
304,08;639;0,4977;740,17;0,0352;2,119;;300;20;12;-25;-85;-40;-15;-75;-35;12;1,75;2,5;0,5;18;13;5;0,1;0,5;1,4;3;12;1;23
303,25;362;0,4945;539,16;0,0311;2,42;;250;21;14;-20;-85;-35;-15;-75;-35;12;1,5;2,5;0,5;18;13;6;0,15000000000000002;0,7;1,2;1;12;1;23
301,54;274;0,5547;486,8;0,0113;3,197;;240;18;19;-25;-85;-40;-15;-75;-35;14;1,5;2,5;0,5;18;13;5;0,05;0,7;1,2;2;12;1;19
293,69;243;0,5267;441,64;0,0554;2,887;;230;15;18;-30;-85;-35;-15;-75;-35;13;1,25;2,5;0,5;18;3;5;0,05;0,9000000000000001;1,8;3;12;4;19
292,7;204;0,5735;424,92;0,0156;3,3;;240;44;17;-30;-85;-35;-15;-75;-35;15;1,25;2,5;0,5;20;4;8;0,05;0,9000000000000001;1,8;1;12;4;23
290,76;207;0,5459;407,65;0,0475;3,141;;220;15;20;-30;-85;-35;-15;-75;-35;14;1,25;2,5;0,5;18;3;8;0,05;0,9000000000000001;1,6;1;12;4;23
290,28;248;0,5242;459,42;0,038;2,901;;220;20;18;-30;-85;-35;-15;-75;-35;14;1,25;2,5;0,5;18;3;8;0,05;0,9000000000000001;1,6;2;12;4;23
288,52;659;0,566;720,76;0,0249;2,088;;300;17;13;-30;-85;-40;-15;-75;-35;13;2,25;2,5;0,5;20;13;5;0,1;0,6000000000000001;1,4;2;12;1;23
287,61;238;0,5336;502,18;0,0149;3,125;;270;15;14;-10;-90;-30;-15;-80;-35;14;1,25;2,5;0,5;16;13;5;0,05;0,9000000000000001;1,2;0;12;1;23
286,86;282;0,5496;494,32;0,0387;2,743;;230;19;17;-30;-85;-35;-15;-75;-35;14;1,25;2,5;0,5;16;3;8;0,05;0,9000000000000001;1,8;2;13;4;23
285,85;557;0,4668;676,06;0,0643;2,083;;230;15;14;-30;-85;-35;-15;-75;-40;14;1,25;2,5;0,5;18;4;8;0,05;0,9000000000000001;1,6;1;21;4;23
284,14;735;0,4844;760,37;0,053;1,986;;260;13;16;-20;-80;-40;-20;-75;-30;14;1,75;2,5;0,5;18;12;5;0,2;0,7;1,2;2;12;1;22
283,08;227;0,5595;406,53;0,0296;2,957;;240;33;14;-30;-85;-35;-15;-75;-35;13;1,25;2,5;0,5;18;3;8;0,2;1,0;1,6;2;12;4;23
282,61;193;0,5648;401,53;0,0148;3,385;;220;41;18;-30;-85;-35;-15;-75;-35;14;1,25;2,5;0,5;18;3;8;0,05;0,9000000000000001;2,0;1;12;4;23
281,39;175;0,5771;383,3;0,0111;3,614;;220;40;18;-30;-85;-35;-15;-75;-35;14;1,25;2,5;0,5;18;3;8;0,05;0,9000000000000001;1,8;1;12;4;23
278,4;181;0,5691;384,12;0,0215;3,47;;210;16;18;-30;-85;-35;-15;-75;-40;14;1,25;2,5;0,5;18;3;8;0,05;0,9000000000000001;1,6;2;13;4;23
277,12;233;0,5279;403,24;0,0597;2,755;;240;15;20;-30;-85;-35;-15;-75;-35;14;1,25;2,5;0,5;18;4;8;0,05;0,9000000000000001;1,8;2;12;4;23
276,73;543;0,5009;703,27;0,0484;2,109;;230;28;3;-5;-95;-35;-20;-90;-50;16;1,25;2,75;0,5;16;14;3;0,05;0,9000000000000001;1,4;3;14;1;23
273,86;126;0,6032;322,28;0,0147;4,043;;220;44;18;-20;-85;-35;-15;-75;-35;15;1,25;2,5;0,5;18;3;8;0,25;0,9000000000000001;1,8;1;12;4;23
273,64;314;0,5478;539,93;0,019;2,656;;270;15;14;-10;-85;-30;-15;-80;-35;15;1,25;2,25;0,6000000000000001;14;12;3;0,05;0,9000000000000001;1,2;0;13;1;23
272,99;353;0,4674;616,72;0,0125;2,53;;250;13;16;-25;-85;-40;-15;-75;-35;13;1,25;2,5;0,5;18;15;5;0,05;0,7;1,2;1;12;1;23
271,81;287;0,6272;419,34;0,0177;2,971;;240;16;18;-25;-85;-40;-15;-75;-35;14;3,0;2,5;0,5;18;14;5;0,05;0,8;1,4;3;13;1;23
268,39;163;0,5583;357,27;0,0131;3,668;;230;19;16;-20;-85;-35;-15;-75;-35;12;1,25;2,5;0,5;18;13;5;0,05;0,9000000000000001;1,2;2;12;4;23
262,72;316;0,5032;550,49;0,0148;2,562;;250;14;14;-25;-85;-40;-15;-65;-35;11;1,25;2,5;0,5;18;6;5;0,05;0,8;1,2;3;12;1;23
261,79;338;0,5621;455,42;0,0343;2,509;;250;18;14;-15;-75;-50;-15;-90;-35;15;1,25;2,25;0,5;4;12;3;0,05;0,9000000000000001;3,4000000000000004;0;13;2;23
260,38;364;0,4643;601,7;0,0146;2,464;;260;14;16;-25;-85;-40;-15;-75;-35;13;1,25;2,5;0,5;18;13;5;0,05;0,7;1,2;2;12;1;23
259,68;242;0,5248;485,16;0,0169;2,943;;280;15;14;-10;-90;-30;-15;-80;-35;14;1,25;2,5;0,5;16;13;5;0,05;0,9000000000000001;1,2;0;12;1;23
259,68;242;0,5248;485,16;0,0169;2,943;;280;15;14;-10;-90;-30;-15;-80;-35;14;1,25;2,5;0,5;16;13;5;0,05;0,9000000000000001;1,2;0;12;1;23
259,68;242;0,5248;485,16;0,0169;2,943;;280;15;14;-10;-90;-30;-15;-80;-35;14;1,25;2,5;0,5;16;13;5;0,05;0,9000000000000001;1,2;0;12;1;23
258,64;178;0,5955;368,26;0,0179;3,301;;220;41;19;-30;-85;-35;-15;-75;-35;14;1,25;2,5;0,5;16;3;8;0,05;0,9000000000000001;3,6000000000000005;2;12;3;23
258,28;489;0,4581;653,38;0,0475;2,122;;230;36;18;-30;-65;-35;-15;-75;-35;14;1,25;2,5;0,5;18;3;8;0,35;0,9000000000000001;1,6;1;18;4;23
256,71;220;0,5182;451,98;0,0141;3,132;;270;16;14;-10;-95;-30;-15;-80;-35;14;1,25;2,5;0,5;18;13;5;0,05;0,9000000000000001;1,2;0;12;1;23
255,34;327;0,5688;500,8;0,0449;2,477;;220;43;18;-30;-85;-35;-15;-75;-30;14;1,5;2,5;0,5;16;3;8;0,05;0,9000000000000001;1,6;0;12;4;23
249,87;246;0,5;442,36;0,0256;2,868;;240;15;18;-20;-85;-40;-15;-75;-35;14;1,25;2,5;0,5;18;14;5;0,05;0,8;1,4;4;13;1;23
249,06;700;0,4714;723,03;0,0244;1,952;;260;18;13;-35;-85;-40;-15;-75;-35;13;1,75;2,5;0,5;20;13;5;0,1;0,5;1,2;2;13;1;23
244,7;496;0,4758;611,89;0,0386;2,12;;240;16;18;-30;-85;-35;-15;-75;-35;14;1,25;2,5;0,5;18;3;8;0,05;0,9000000000000001;1,6;2;20;4;23
244,0;475;0,4884;627,36;0,0275;2,126;;240;16;15;-25;-85;-35;-15;-70;-35;13;1,5;2,5;0,5;18;14;6;0,05;0,7;1,2;2;13;1;23
243,28;220;0,5227;425,59;0,0156;3,091;;260;16;14;-10;-90;-30;-15;-80;-35;14;1,0;2,25;0,5;12;13;5;0,05;0,9000000000000001;1,2;1;12;1;23
240,95;152;0,5921;319,76;0,0304;3,757;;230;16;20;-20;-85;-40;-15;-75;-35;13;1,25;2,5;0,5;16;9;8;0,05;0,9000000000000001;1,4;2;12;4;23
240,2;505;0,5327;591,43;0,0234;2,162;;270;13;12;-30;-85;-40;-15;-75;-35;13;2,0;2,5;0,5;20;13;5;0,15000000000000002;0,7;1,2;3;12;1;23
238,92;163;0,5031;355,7;0,0165;3,41;;240;18;17;-25;-85;-30;-15;-75;-35;12;1,0;2,5;0,5;20;14;8;0,05;0,9000000000000001;1,2;3;12;4;23
238,64;488;0,4488;628,65;0,0626;2,072;;270;19;15;-25;-85;-35;-15;-75;-35;12;1,5;2,5;0,5;18;14;6;0,15000000000000002;0,2;1,2;2;12;1;23
234,42;221;0,5385;429,19;0,0173;2,949;;270;15;15;-10;-90;-30;-15;-80;-35;14;1,25;2,5;0,5;16;12;5;0,05;0,9000000000000001;1,2;0;13;1;23
229,78;688;0,5087;680,28;0,0489;1,853;;280;16;12;-25;-85;-35;-15;-75;-35;12;2,0;2,5;0,5;18;14;5;0,15000000000000002;0,6000000000000001;1,2;2;12;1;23
228,05;176;0,5398;320,65;0,0354;3,064;;230;17;18;-30;-85;-35;-15;-75;-35;14;1,25;2,5;0,5;18;4;8;0,05;1,0;1,6;2;13;4;23
226,43;248;0,5605;418,24;0,0153;2,841;;260;12;14;-10;-95;-30;-15;-80;-35;15;1,5;2,25;0,5;16;12;5;0,05;0,9000000000000001;1,2;0;13;1;23
226,37;224;0,5089;415,89;0,024;2,786;;260;16;14;-10;-90;-35;-15;-80;-35;16;1,25;2,5;0,5;16;13;5;0,3;0,9000000000000001;1,2;0;12;1;23
223,97;379;0,4327;585,66;0,0226;2,273;;270;16;16;-30;-85;-40;-15;-75;-35;13;1,25;2,5;0,5;18;15;5;0,3;0,7;1,2;1;12;1;23
223,47;209;0,555;383,6;0,0094;3,002;;250;23;15;-25;-85;-35;-15;-70;-35;11;1,5;2,5;0,5;18;11;7;0,2;0,9000000000000001;1,2;3;13;1;23
219,75;1421;0,3336;844,89;0,1071;1,405;;250;22;4;-10;-80;-45;-20;-75;-35;14;1,0;2,5;0,5;20;14;5;0,1;1,0;1,8;4;20;3;22
219,21;255;0,5098;400,53;0,0375;2,444;;210;42;17;-30;-85;-35;-15;-75;-35;14;1,25;2,5;0,5;18;3;8;0,05;0,9000000000000001;1,6;1;13;4;23
218,23;199;0,5075;336,13;0,0275;2,675;;230;50;18;-30;-85;-35;-15;-75;-35;14;1,25;2,5;0,5;18;4;8;0,05;0,9000000000000001;1,8;3;12;4;23
217,93;257;0,5525;407,61;0,0113;2,781;;270;15;16;-25;-85;-35;-15;-75;-40;13;1,5;2,75;0,5;16;12;6;0,05;0,7;1,2;1;12;1;23
217,41;1473;0,4698;744,94;0,0618;1,497;;270;22;6;-10;-80;-40;-15;-80;-30;18;1,25;2,0;0,5;8;10;3;0,05;0,30000000000000004;3,4000000000000004;0;12;3;23
215,92;147;0,5782;292,78;0,0224;3,253;;270;21;15;-25;-80;-35;-15;-75;-40;11;1,5;2,5;0,5;18;12;6;0,2;0,9000000000000001;1,2;2;12;1;23
215,49;251;0,5976;338,39;0,0363;2,574;;240;16;18;-20;-85;-35;-15;-75;-35;14;1,75;2,5;0,5;18;3;5;0,05;0,9000000000000001;1,8;1;12;4;23
211,97;329;0,5076;433,02;0,0421;2,293;;230;20;15;-15;-85;-50;-15;-70;-30;15;1,25;2,25;0,5;18;14;7;0,05;0,9000000000000001;1,8;2;13;1;23
211,54;287;0,4843;388,88;0,0331;2,549;;250;18;15;-15;-75;-50;-15;-90;-35;15;1,25;2,25;0,5;18;12;3;0,05;0,9000000000000001;2,8;0;13;2;23
205,23;274;0,5876;377,65;0,0209;2,652;;260;19;15;-25;-85;-35;-15;-75;-35;13;2,75;2,5;0,5;18;12;5;0,05;0,9000000000000001;1,4;2;12;3;23
203,96;206;0,6019;357,57;0,0276;2,794;;220;45;18;-30;-85;-35;-15;-75;-35;13;1,25;2,75;0,5;8;3;8;0,05;0,9000000000000001;3,0;2;12;4;23
201,94;253;0,585;390,44;0,0252;2,654;;270;16;15;-25;-85;-40;-15;-70;-40;12;1,75;2,5;0,5;18;13;5;0,05;0,8;1,2;2;12;1;23
200,07;301;0,4983;456,5;0,0211;2,471;;280;14;15;-30;-85;-40;-15;-75;-35;13;1,5;2,5;0,5;20;14;5;0,05;0,8;1,2;2;12;1;23
199,17;115;0,6087;247,03;0,0137;3,818;;220;42;18;-30;-85;-35;-15;-75;-40;15;1,25;2,5;0,5;18;3;8;0,05;0,9000000000000001;1,8;1;13;4;23
196,86;277;0,491;412,01;0,0371;2,351;;220;44;17;-30;-85;-35;-15;-75;-35;14;1,25;2,5;0,5;18;5;8;0,3;0,9000000000000001;1,4;2;13;4;23
195,66;241;0,6058;345,89;0,0259;2,561;;220;14;19;-30;-90;-35;-15;-75;-35;13;1,25;2,5;0,5;10;3;8;0,05;0,9000000000000001;2,0;2;13;3;23
194,17;132;0,5606;276,11;0,0101;3,507;;220;44;17;-30;-85;-35;-15;-75;-40;14;1,25;2,5;0,5;20;4;8;0,05;0,9000000000000001;1,6;1;12;4;23
193,4;170;0,5529;327,7;0,0193;2,936;;200;43;18;-30;-85;-35;-15;-75;-35;15;1,25;2,5;0,5;18;3;8;0,05;0,9000000000000001;1,6;1;12;4;23
182,88;1158;0,3661;732,69;0,0741;1,523;;250;22;5;-15;-85;-50;-10;-70;-30;15;1,25;2,0;0,5;20;15;6;0,05;0,8;1,4;3;14;2;22
179,48;124;0,6048;231,92;0,0195;3,212;;240;42;18;-30;-85;-65;-15;-75;-35;14;1,25;2,5;0,5;16;3;8;0,05;0,9000000000000001;2,0;1;13;4;23
173,58;567;0,4885;544,1;0,0268;1,797;;280;18;13;-25;-85;-35;-15;-75;-40;12;2,0;2,75;0,5;20;12;5;0,1;0,6000000000000001;1,6;2;13;1;23
171,82;144;0,5417;271,09;0,0171;3,033;;230;45;18;-20;-85;-35;-15;-75;-35;14;1,25;2,5;0,5;18;3;8;0,05;0,9000000000000001;2,0;0;12;4;23
170,33;53;0,717;170,61;0,0068;5,882;;230;43;18;-30;-80;-35;-15;-75;-35;14;1,25;2,5;0,5;18;3;7;0,05;0,9000000000000001;1,8;10;12;4;23
169,28;1043;0,4497;661,09;0,0891;1,448;;280;27;3;-5;-95;-30;-20;-75;-50;12;1,75;2,75;0,5;18;15;6;0,05;0,8;1,8;3;14;0;24
166,7;331;0,4834;391,06;0,0374;2,135;;280;21;14;-25;-85;-40;-15;-75;-40;13;1,75;2,75;0,5;18;12;5;0,1;0,6000000000000001;1,4;4;12;1;23
166,45;341;0,4135;452,76;0,0156;2,162;;280;15;15;-25;-85;-45;-15;-75;-35;14;1,25;2,5;0,5;18;14;5;0,05;0,7;1,2;1;12;1;23
166,21;230;0,4957;354,73;0,0209;2,462;;280;15;13;-10;-90;-30;-15;-80;-35;13;1,25;2,5;0,5;16;13;5;0,05;0,9000000000000001;1,2;0;12;1;23
166,16;122;0,582;251,38;0,012;3,217;;240;45;19;-20;-85;-35;-15;-75;-35;14;1,25;2,5;0,5;18;3;8;0,05;0,9000000000000001;1,8;0;12;4;22
165,45;203;0,6059;256,25;0,0277;2,542;;240;31;19;-30;-85;-35;-15;-75;-35;14;2,25;2,5;0,5;16;3;8;0,05;0,9000000000000001;2,0;2;12;4;23
164,55;81;0,6543;193,01;0,0123;4,369;;230;41;19;-30;-85;-35;-15;-75;-40;14;1,25;2,5;0,5;18;3;7;0,05;1,0;1,8;1;12;4;23
163,52;189;0,4815;271,81;0,0418;2,454;;230;43;18;-30;-85;-35;-15;-75;-30;14;1,25;2,5;0,5;18;3;8;0,05;0,9000000000000001;1,8;7;12;4;23
161,19;650;0,4185;584,72;0,0531;1,597;;230;41;18;-30;-85;-35;-30;-75;-35;14;1,25;2,5;0,5;18;3;8;0,05;0,9000000000000001;1,8;1;12;4;23
161,0;376;0,5027;395,88;0,0582;1,924;;300;15;16;-10;-90;-35;-15;-75;-30;14;1,5;2,5;0,5;14;13;4;0,05;0,9000000000000001;2,8;2;12;2;24
159,89;523;0,4512;512,33;0,0639;1,762;;260;13;16;-15;-65;-30;-20;-85;-35;14;1,25;2,75;0,5;16;13;5;0,05;0,9000000000000001;1,4;0;13;1;22
156,61;366;0,4481;443,52;0,0328;1,991;;270;15;15;-25;-85;-35;-15;-75;-35;10;1,5;2,5;0,5;18;14;6;0,15000000000000002;0,7;1,2;4;12;1;23
154,68;200;0,46;260,58;0,0354;2,322;;160;42;17;-30;-85;-35;-15;-75;-35;14;1,25;2,5;0,5;20;4;8;0,05;0,9000000000000001;2,0;1;12;4;23
149,94;308;0,4708;376,9;0,0438;1,999;;220;45;18;-30;-85;-35;-15;-75;-30;14;1,25;2,5;0,5;18;3;8;0,05;0,9000000000000001;1,6;1;13;4;23
149,93;710;0,3394;599,24;0,0421;1,643;;260;17;15;-30;-85;-40;-20;-75;-35;13;1,25;2,5;0,5;20;14;5;0,05;0,7;1,2;1;13;1;24
147,15;295;0,5017;378,38;0,014;2,134;;250;46;19;-30;-85;-35;-15;-75;-35;14;1,5;2,5;0,5;18;3;8;0,05;0,8;2,0;0;12;4;23
145,5;343;0,4461;402,21;0,028;1,985;;220;16;17;-25;-85;-45;-15;-75;-35;13;1,25;2,5;0,5;18;14;5;0,05;0,7;1,4;1;13;1;23
143,27;242;0,4793;310,17;0,0288;2,097;;150;20;14;-25;-85;-35;-10;-70;-40;12;1,25;2,5;0,5;18;13;6;0,05;0,8;1,4;3;12;1;23
142,36;182;0,5;265,03;0,0354;2,423;;220;44;20;-30;-85;-35;-15;-75;-35;14;1,25;2,5;0,5;16;10;8;0,25;0,9000000000000001;1,4;1;13;4;23
139,38;458;0,4214;460,28;0,0299;1,838;;270;17;15;-25;-85;-35;-15;-75;-35;13;1,5;2,5;0,5;18;13;6;0,05;0,4;1,2;1;12;1;23
136,03;918;0,4118;557,75;0,037;1,495;;290;19;13;-25;-85;-40;-15;-75;-35;12;1,75;2,5;0,5;18;14;5;0,1;0,6000000000000001;1,2;2;24;1;23
135,23;323;0,4489;340,87;0,0225;2,176;;230;43;18;-30;-80;-35;-15;-75;-30;15;1,0;1,75;0,5;18;3;8;0,05;0,9000000000000001;1,8;1;12;4;23
133,92;521;0,5336;382,74;0,0309;1,777;;220;18;12;-15;-90;-35;-15;-65;-60;16;1,25;1,75;0,5;4;11;3;0,05;0,9000000000000001;2,2;1;13;1;18
132,85;687;0,4061;511,58;0,0559;1,576;;260;19;14;-25;-85;-35;-15;-70;-30;13;1,5;2,5;0,5;18;14;6;0,05;0,7;1,2;3;13;1;23
129,76;118;0,5593;209,78;0,0086;2,877;;220;42;18;-30;-85;-35;-15;-75;-35;14;1,25;2,5;0,5;18;3;8;0,05;1,0;1,8;1;12;4;23
128,15;300;0,4467;316,35;0,0509;1,928;;210;19;17;-30;-90;-35;-15;-75;-35;12;1,25;2,5;0,5;18;4;8;0,05;0,9000000000000001;1,8;1;12;0;23
127,85;299;0,4816;342,36;0,0239;2,035;;250;11;18;-25;-80;-45;-15;-75;-35;14;1,25;2,5;0,5;16;14;5;0,05;0,8;1,4;1;13;1;23
126,79;532;0,3891;470,0;0,0456;1,648;;240;43;17;-30;-85;-35;-15;-75;-35;14;1,25;2,5;0,5;18;3;8;0,05;0,4;2,0;0;12;4;23
126,44;370;0,4162;381,09;0,0273;1,862;;240;41;19;-30;-85;-35;-15;-75;-35;14;1,25;2,5;0,5;18;10;8;0,05;0,30000000000000004;1,8;1;12;4;23
126,2;388;0,4433;391,01;0,0629;1,792;;250;46;20;-30;-85;-35;-20;-75;-35;13;1,0;2,5;0,5;14;3;8;0,05;0,9000000000000001;4,0;1;12;4;23
124,54;896;0,4252;546,77;0,0547;1,386;;200;10;11;-15;-85;-30;-25;-90;-40;16;1,25;3,0;0,6000000000000001;14;11;8;0,1;0,8;1,4;2;13;2;22
121,6;686;0,3659;476,37;0,0598;1,57;;250;17;13;-15;-80;-55;-20;-65;-30;15;1,0;2,25;0,5;18;14;6;0,05;0,9000000000000001;1,6;2;14;1;23
120,33;153;0,5033;220,44;0,0254;2,541;;250;43;14;-30;-80;-35;-10;-70;-35;11;1,25;2,5;0,5;18;11;8;0,05;0,9000000000000001;1,6;6;12;4;23
117,5;141;0,4965;211,93;0,0232;2,617;;250;49;19;-30;-85;-35;-15;-75;-40;15;1,25;2,5;0,5;18;3;8;0,05;0,9000000000000001;1,6;1;12;4;23
116,22;167;0,4371;250,77;0,0154;2,469;;270;18;15;-25;-85;-30;-10;-75;-40;13;1,25;2,5;0,5;18;13;5;0,05;0,7;1,2;4;12;1;23
113,96;778;0,4075;379,19;0,1676;1,39;;270;18;17;-20;-75;-55;-20;-85;-30;15;1,5;2,5;0,5;20;11;3;0,05;0,9000000000000001;3,4000000000000004;0;23;2;22
113,37;250;0,44;314,64;0,0461;2,027;;240;42;18;-30;-85;-35;-15;-75;-30;15;1,25;2,5;0,5;18;3;5;0,05;0,9000000000000001;1,2;5;13;4;23
112,72;435;0,3218;326,93;0,0311;1,855;;300;10;14;-10;-85;-40;-15;-80;-35;15;1,25;2,75;0,3;20;3;2;0,1;0,9000000000000001;3,2;1;17;1;21
109,72;188;0,4681;238,6;0,0261;2,155;;240;18;15;-25;-85;-35;-15;-75;-35;10;1,25;2,5;0,5;18;13;5;0,25;0,9000000000000001;1,2;2;12;4;23
108,71;181;0,4475;218,47;0,0417;2,049;;250;42;17;-30;-85;-40;-15;-75;-35;15;1,25;2,5;0,5;18;3;8;0,05;0,9000000000000001;1,6;2;12;4;23
107,48;383;0,4047;367,5;0,0264;1,732;;230;44;17;-30;-85;-35;-15;-75;-30;14;1,25;2,5;0,5;18;4;8;0,05;0,8;1,8;2;12;4;23
106,16;447;0,3803;325,83;0,0529;1,711;;290;35;7;-25;-95;-60;-10;-90;-30;11;1,25;2,0;0,4;16;15;3;0,05;0,8;1,6;1;13;2;22
105,98;185;0,5081;197,24;0,0195;1,928;;290;24;12;-20;-70;-60;-15;-90;-35;17;1,5;2,5;0,7;18;15;2;0,05;0,9000000000000001;1,6;7;14;1;23
103,8;298;0,4329;247,85;0,0253;2,261;;230;14;17;-25;-85;-40;-15;-75;-35;13;1,25;1,5;0,5;20;15;5;0,05;0,8;1,4;3;13;1;23
102,43;221;0,4977;224,88;0,0379;2,045;;240;18;16;-20;-80;-50;-15;-70;-50;16;1,5;2,25;0,4;20;14;3;0,1;1,0;2,4000000000000004;3;13;2;19
101,66;747;0,4793;387,25;0,0534;1,441;;290;16;14;-25;-85;-45;-15;-70;-35;12;2,25;2,5;0,5;18;13;6;0,1;0,7;1,6;2;18;1;22
100,65;305;0,377;297,29;0,0382;1,789;;70;12;17;-20;-85;-35;-15;-75;-30;14;1,25;2,5;0,5;20;13;6;0,35;0,8;1,4;3;13;1;23
97,19;302;0,4404;277,0;0,0471;1,792;;280;18;15;-25;-85;-35;-15;-75;-35;11;1,25;2,5;0,5;18;13;7;0,15000000000000002;0,9000000000000001;1,4;2;13;1;23
96,92;1032;0,374;456,6;0,0594;1,326;;290;14;14;-25;-80;-40;-15;-70;-35;13;1,5;2,5;0,5;18;13;5;0,1;0,7;1,4;3;22;1;23
96,03;138;0,5362;196,72;0,0151;2,487;;270;12;17;-5;-90;-30;-15;-80;-35;13;1,25;2,5;0,5;18;12;5;0,05;0,9000000000000001;1,4;0;13;1;23
95,51;123;0,5691;168,79;0,0086;2,751;;240;19;18;-15;-90;-35;-10;-80;-40;14;1,75;2,25;0,6000000000000001;16;12;5;0,1;0,7;1,6;2;14;2;23
94,32;412;0,4345;314,12;0,0461;1,627;;230;42;18;-30;-85;-35;-15;-75;-35;14;1,25;2,5;0,5;16;3;8;0,05;0,9000000000000001;1,8;1;23;4;23
92,24;183;0,5683;195,53;0,0158;2,127;;230;46;19;-30;-75;-35;-15;-75;-40;14;1,75;2,5;0,5;20;3;8;0,1;0,9000000000000001;1,8;0;12;4;23
87,87;527;0,3529;363,86;0,0361;1,567;;260;24;11;-15;-85;-45;-20;-75;-40;15;1,0;2,25;0,5;18;15;2;0,05;0,9000000000000001;1,4;1;15;1;24
87,32;134;0,4776;161,52;0,0248;2,205;;250;16;19;-30;-85;-35;-15;-75;-35;14;1,25;2,5;0,5;18;3;8;0,05;1,0;1,6;2;12;4;23
84,85;333;0,4625;219,68;0,0587;1,501;;210;35;12;-35;-70;-60;-30;-95;-45;17;1,0;2,25;0,6000000000000001;6;11;3;0,15000000000000002;1,0;1,6;4;13;4;24
83,45;494;0,504;270,28;0,0628;1,507;;240;23;13;-25;-75;-55;-25;-90;-40;18;1,5;2,25;0,5;4;11;3;0,3;0,9000000000000001;3,6000000000000005;1;14;2;23
82,27;177;0,5198;202,22;0,0233;2,172;;250;17;15;-25;-85;-35;-15;-75;-35;13;1,5;2,5;0,5;18;13;4;0,05;0,9000000000000001;1,2;4;12;4;23
81,3;77;0,5195;121,99;0,0249;2,623;;220;43;19;-20;-85;-30;-15;-75;-35;15;1,25;2,5;0,5;18;3;8;0,05;0,9000000000000001;1,6;5;12;4;21
81,03;611;0,5025;292,29;0,0282;1,548;;180;23;11;-30;-70;-55;-25;-90;-55;18;1,5;1,5;0,5;6;10;4;0,35;0,7;4,0;5;15;3;20
77,95;711;0,3432;336,99;0,0814;1,322;;260;17;15;-15;-95;-30;-20;-85;-35;15;1,0;2,75;0,6000000000000001;16;12;7;0,1;0,8;1,6;0;13;0;23
73,71;132;0,4545;162,48;0,0246;2,126;;240;45;17;-30;-85;-35;-15;-75;-35;14;1,25;2,5;0,5;18;8;5;0,2;1,0;1,2;0;13;4;23
72,93;178;0,4157;169,75;0,0414;1,805;;220;21;19;-30;-85;-35;-15;-75;-35;20;1,25;2,5;0,5;18;4;8;0,05;0,9000000000000001;1,8;2;12;4;23
72,76;269;0,4275;214,47;0,018;1,78;;250;13;15;-15;-85;-35;-15;-70;-40;16;1,25;2,0;0,5;14;14;3;0,05;0,8;1,4;1;12;2;24
71,94;200;0,45;169,79;0,0253;1,923;;290;21;13;-15;-85;-65;-20;-85;-45;15;1,0;2,25;0,4;12;14;6;0,15000000000000002;0,9000000000000001;2,2;3;15;2;24
70,95;371;0,4016;257,52;0,0332;1,549;;260;20;16;-25;-85;-35;-15;-75;-35;12;1,5;2,5;0,5;18;12;6;0,15000000000000002;0,7;1,2;4;13;1;23
70,05;150;0,46;145,27;0,0271;2,138;;240;20;11;-15;-65;-45;-15;-95;-40;14;1,0;2,0;0,4;8;12;7;0,05;1,0;1,4;1;13;2;24
69,18;597;0,4087;261,56;0,1243;1,293;;230;40;19;-30;-85;-35;-35;-75;-40;14;1,25;2,5;0,5;16;3;8;0,05;0,9000000000000001;2,0;0;12;4;23
66,44;104;0,5192;122,05;0,0379;2,09;;210;42;19;-30;-85;-70;-15;-75;-30;14;1,25;2,5;0,5;16;4;8;0,2;0,9000000000000001;1,8;1;13;4;23
66,03;131;0,4275;148,85;0,0325;1,926;;210;40;18;-30;-85;-35;-15;-75;-35;13;1,0;2,5;0,5;18;4;8;0,05;1,0;1,6;2;12;4;23
64,12;129;0,3876;151,69;0,0335;2,001;;230;14;17;-15;-90;-70;-20;-90;-70;15;1,0;3,0;0,6000000000000001;18;4;3;0,05;0,9000000000000001;1,2;0;12;0;22
63,59;71;0,5493;108,52;0,0122;2,783;;230;39;19;-20;-85;-30;-10;-75;-35;13;1,25;2,5;0,5;18;5;8;0,05;0,9000000000000001;1,8;2;12;4;22
62,26;198;0,5;173,0;0,0289;1,812;;230;14;13;-10;-95;-50;-15;-90;-35;16;1,25;2,25;0,5;4;12;3;0,05;0,9000000000000001;2,0;1;13;3;23
60,62;85;0,5765;87,32;0,0165;2,07;;290;20;18;-15;-90;-45;-10;-85;-30;13;1,5;2,25;0,6000000000000001;12;12;6;0,1;1,0;3,6000000000000005;0;13;2;21
55,32;260;0,5115;192,12;0,0194;1,609;;240;41;19;-30;-85;-35;-15;-75;-35;14;1,25;2,5;0,5;4;3;8;0,05;0,8;1,8;0;12;4;23
53,75;177;0,4689;126,4;0,024;2,057;;140;49;20;-30;-80;-60;-30;-95;-45;15;1,0;1,75;0,4;6;9;8;0,35;0,4;3,2;9;15;3;20
52,11;252;0,3214;122,37;0,0326;1,518;;290;26;13;-20;-85;-55;-25;-95;-30;13;1,0;2,25;0,4;14;13;4;0,1;0,9000000000000001;3,0;9;12;2;23
49,87;388;0,3222;173,61;0,0438;1,346;;270;17;14;-15;-90;-30;-15;-80;-30;12;1,0;2,5;0,5;18;12;4;0,05;0,9000000000000001;1,4;0;12;1;23
47,64;560;0,4411;212,11;0,042;1,294;;260;17;8;-10;-85;-30;-10;-75;-35;11;2,0;2,0;0,7;14;15;3;0,05;0,8;2,6;2;14;1;23
47,64;443;0,3905;213,42;0,0239;1,397;;240;19;15;-20;-85;-35;-15;-75;-35;13;1,5;2,5;0,5;18;14;6;0,25;0,5;1,2;1;13;1;22
46,62;98;0,4694;81,24;0,0173;1,87;;280;29;16;-15;-90;-30;-10;-90;-40;14;1,25;2,0;0,5;18;10;3;0,05;0,9000000000000001;2,4000000000000004;1;12;1;23
45,59;884;0,4253;222,02;0,0872;1,187;;260;21;5;-10;-85;-40;-25;-85;-40;17;2,0;2,5;0,6000000000000001;16;14;4;0,1;0,7;1,4;4;15;1;22
45,51;406;0,4163;195,55;0,0628;1,392;;260;25;18;-20;-90;-45;-20;-85;-30;15;1,0;3,0;0,4;14;11;2;0,05;1,0;2,2;1;14;2;24
43,3;262;0,3588;166,34;0,0422;1,473;;240;19;16;-15;-95;-35;-10;-85;-30;12;1,0;2,25;0,6000000000000001;18;14;4;0,05;0,7;1,4;2;13;2;24
42,97;151;0,4106;135,22;0,0224;1,759;;230;41;19;-30;-85;-40;-15;-75;-35;14;1,0;2,25;0,5;18;3;8;0,05;0,9000000000000001;2,0;1;16;3;23
42,79;38;0,5;68,3;0,0094;3,545;;240;17;16;-25;-85;-35;-15;-75;-35;13;1,0;2,5;0,5;18;12;8;0,05;0,9000000000000001;1,2;10;12;4;23
42,69;76;0,4474;98,64;0,0179;2,286;;230;26;18;-30;-85;-35;-15;-75;-35;14;1,25;2,5;0,5;18;3;8;0,05;0,9000000000000001;1,8;8;13;4;24
42,21;237;0,4135;112,87;0,0594;1,398;;300;17;13;-15;-85;-35;-20;-85;-40;15;1,25;2,75;0,5;16;13;6;0,05;1,0;1,4;1;14;0;23
40,95;149;0,4027;143,73;0,012;1,755;;280;14;14;-5;-85;-30;-10;-80;-40;13;1,25;2,75;0,5;18;14;6;0,05;0,8;1,4;1;14;1;23
40,5;85;0,4353;103,03;0,011;2,215;;250;14;17;-25;-85;-40;-15;-75;-35;14;1,25;2,5;0,5;16;15;5;0,05;0,7;1,2;9;12;1;23
40,06;29;0,6552;60,61;0,0059;3,713;;280;21;15;-5;-85;-35;-10;-75;-40;14;1,5;2,25;0,5;14;14;6;0,05;1,0;1,2;1;13;1;23
39,67;39;0,5385;63,91;0,007;2,956;;250;44;15;-20;-95;-35;-5;-90;-30;11;1,0;2,5;0,5;6;15;3;0,1;0,8;1,6;11;15;1;24
39,64;313;0,5016;143,82;0,0276;1,495;;190;23;11;-25;-70;-50;-20;-85;-55;18;1,5;1,5;0,5;8;10;4;0,25;0,8;4,0;5;12;3;20
38,15;142;0,4296;98,15;0,0338;1,617;;210;28;16;-5;-70;-30;-10;-80;-35;13;2,5;2,25;0,7;14;14;3;0,1;0,8;3,2;1;13;2;24
35,13;164;0,4085;59,62;0,0461;1,278;;180;44;19;-30;-85;-35;-15;-75;-30;14;1,25;2,5;0,5;16;4;8;0,05;1,0;1,8;1;12;4;23
32,34;31;0,5484;53,06;0,009;2,607;;270;46;19;-5;-90;-40;-15;-95;-40;14;1,5;3,0;0,5;14;6;3;0,05;0,8;1,2;1;14;1;22
31,75;126;0,5397;83,87;0,025;1,696;;260;40;20;-20;-85;-35;-15;-75;-35;14;2,5;2,5;0,5;16;3;7;0,05;0,9000000000000001;1,6;1;12;4;23
30,07;187;0,4759;111,75;0,0231;1,476;;220;45;17;-30;-85;-35;-15;-75;-35;15;1,0;2,5;0,5;6;3;8;0,05;0,9000000000000001;2,0;1;13;3;23
22,38;232;0,4353;94,22;0,0332;1,309;;230;14;12;-15;-95;-40;-30;-85;-65;10;1,5;2,75;0,5;14;14;4;0,05;0,8;1,2;4;14;1;24
22,12;303;0,4554;86,77;0,0435;1,271;;230;43;18;-30;-85;-35;-15;-80;-35;14;2,75;2,5;0,5;18;3;8;0,05;0,9000000000000001;1,6;2;17;4;23
20,76;86;0,407;60,07;0,0239;1,578;;250;12;15;-15;-95;-50;-10;-85;-45;19;1,0;2,25;0,6000000000000001;14;12;3;0,1;0,7;1,8;3;12;0;24
20,34;418;0,3325;106,02;0,0302;1,265;;220;17;19;-30;-85;-35;-20;-80;-40;14;1,25;1,5;0,5;14;3;8;0,05;0,4;1,4;1;12;4;22
19,52;120;0,3333;41,48;0,0415;1,265;;120;43;18;-30;-85;-35;-15;-75;-35;14;1,25;2,5;0,5;18;3;7;0,05;0,9000000000000001;1,8;1;12;4;18
19,08;234;0,3718;66,75;0,0332;1,286;;280;19;19;-10;-90;-35;-20;-75;-55;15;1,75;2,25;0,4;16;14;4;0,1;0,5;3,8;1;15;4;22
17,81;67;0,3284;27,46;0,0123;1,322;;230;32;15;-10;-95;-35;-10;-80;-35;13;1,0;2,75;0,4;18;11;2;0,1;1,0;2,6;2;13;2;23
16,46;205;0,3415;67,15;0,044;1,262;;50;11;15;-5;-80;-40;-20;-90;-35;17;1,25;2,25;0,6000000000000001;18;15;4;0,1;0,8;2,4000000000000004;2;12;3;22
14,16;218;0,3211;48,11;0,0612;1,189;;230;43;20;-30;-85;-35;-15;-75;-65;14;1,25;2,5;0,5;18;4;8;0,05;0,9000000000000001;1,8;1;12;4;23
10,66;140;0,4714;40,69;0,0194;1,264;;210;16;16;-15;-90;-50;-15;-85;-45;16;1,5;2,0;0,6000000000000001;10;8;3;0,05;0,7;1,2;0;15;1;24
6,18;55;0,3818;24,75;0,016;1,418;;300;13;16;-5;-95;-40;-15;-90;-60;16;1,5;2,5;0,4;16;13;3;0,1;0,8;1,4;3;13;1;22
3,18;1077;0,3593;42,94;0,1346;1,023;;220;10;5;-20;-75;-45;-30;-75;-60;13;2,5;2,5;0,6000000000000001;14;4;7;0,15000000000000002;0,4;1,8;12;17;4;22
3,18;823;0,3414;28,63;0,0629;1,027;;230;13;8;-10;-90;-35;-15;-80;-50;16;1,0;1,75;0,7;12;13;5;0,15000000000000002;0,6000000000000001;1,8;2;16;0;23
2,93;30;0,4333;9,18;0,007;1,234;;200;50;20;-35;-65;-60;-25;-95;-45;15;1,0;2,0;0,6000000000000001;8;9;4;0,35;1,0;1,2;8;13;3;24
2,76;84;0,3452;6,92;0,0387;1,059;;240;20;10;-5;-75;-40;-10;-80;-40;14;1,25;2,25;0,5;10;13;5;0,05;1,0;1,2;0;12;2;24
1,96;92;0,413;5,21;0,0222;1,045;;220;18;13;-10;-95;-45;-15;-90;-35;16;1,5;2,75;0,5;12;13;4;0,05;1,0;1,4;0;12;1;23
1,85;74;0,3919;11,62;0,0118;1,142;;210;39;17;-20;-90;-35;-5;-70;-30;17;1,25;1,75;0,6000000000000001;16;9;4;0,1;1,0;1,6;2;17;1;21
1,85;92;0,3696;2,72;0,0323;1,02;;210;42;19;-30;-85;-35;-15;-75;-55;14;1,25;2,5;0,5;18;3;8;0,05;1,0;1,8;1;12;4;23
0,04;21;0,381;14,11;0,0086;1,5;;240;11;14;-20;-95;-55;-5;-85;-40;15;1,25;2,5;0,5;16;12;2;0,2;1,0;2,0;6;16;1;23
-2,4;133;0,2857;-6,04;0,0476;0,965;;240;42;18;-20;-85;-35;-15;-75;-60;14;1,25;2,5;0,5;20;4;8;0,05;0,9000000000000001;1,8;1;12;4;23
-3,16;610;0,2852;-2,18;0,0864;0,997;;290;19;9;-10;-90;-35;-15;-95;-30;16;1,5;2,25;0,4;20;11;4;0,05;0,8;2,8;1;14;2;24
-3,87;132;0,2803;-16,83;0,0473;0,91;;160;30;12;-15;-85;-50;-5;-75;-45;12;1,25;2,25;0,5;20;12;4;0,05;0,9000000000000001;2,0;0;12;0;22
-6,18;728;0,3448;-14,33;0,1144;0,985;;220;27;3;-5;-95;-35;-20;-70;-50;16;3,0;2,75;0,6000000000000001;16;14;2;0,1;0,6000000000000001;1,4;3;16;1;21
-6,55;35;0,2;-31,74;0,0447;0,476;;80;43;18;-20;-85;-35;-15;-75;-35;14;1,25;2,75;0,5;18;3;8;0,05;0,9000000000000001;1,8;2;13;4;23
-9,24;75;0,2933;-36,98;0,0532;0,58;;60;16;10;-5;-95;-70;-20;-85;-30;20;2,25;1,5;0,6000000000000001;20;15;2;0,05;1,0;3,8;6;21;2;24
-18,37;519;0,368;-73,47;0,1065;0,843;;250;25;7;-25;-80;-30;-10;-95;-65;10;1,75;2,0;0,3;10;13;2;0,2;0,8;1,8;0;19;0;23
-27,21;248;0,3347;-102,51;0,206;0,706;;270;42;6;-5;-80;-35;-5;-85;-70;12;1,75;2,75;0,3;12;8;8;0,1;0,30000000000000004;2,2;12;16;2;22
-31,17;592;0,2872;-124,67;0,1724;0,812;;130;31;12;-30;-65;-40;-5;-65;-45;20;1,0;1,75;0,4;10;6;2;0,3;0,5;2,0;7;13;4;18
-39,85;790;0,362;-159,38;0,1776;0,854;;140;48;16;-15;-90;-65;-35;-65;-45;17;1,0;3,0;0,4;6;5;7;0,15000000000000002;0,6000000000000001;2,4000000000000004;3;19;0;20
-42,18;448;0,3326;-168,7;0,195;0,679;;240;33;16;-20;-80;-55;-35;-95;-70;17;1,5;2,25;0,4;10;12;8;0,1;0,2;2,0;2;24;4;22
-92,72;1406;0,3834;-370,89;0,3878;0,761;;140;28;17;-30;-80;-45;-35;-75;-65;10;3,0;3,0;0,4;4;11;7;0,2;0,30000000000000004;2,6;0;23;1;22
-999999,0;0;;;;;paraméter-kényszer nem teljesült;300;41;6;-35;-70;-40;-10;-70;-70;13;1,25;3,0;0,4;4;7;6;0,15000000000000002;0,8;3,0;11;18;0;22
-999999,0;0;;;;;paraméter-kényszer nem teljesült;110;37;17;-20;-80;-60;-35;-65;-30;16;1,75;2,0;0,7;18;13;7;0,25;0,2;1,6;11;19;0;18
-999999,0;0;;;;;paraméter-kényszer nem teljesült;180;23;9;-35;-70;-70;-20;-90;-55;19;2,0;2,5;0,7;6;14;4;0,25;0,7;3,0;4;15;3;19
-999999,0;0;;;;;paraméter-kényszer nem teljesült;240;17;16;-35;-85;-35;-15;-75;-35;14;1,25;2,5;0,5;18;6;8;0,05;0,9000000000000001;1,4;2;12;4;23
-999999,0;0;;;;;paraméter-kényszer nem teljesült;260;38;19;-30;-85;-30;-15;-75;-35;15;2,0;2,5;0,5;16;3;5;0,05;0,9000000000000001;1,8;1;12;4;23
-999999,0;0;;;;;paraméter-kényszer nem teljesült;240;17;18;-35;-85;-35;-15;-75;-35;18;1,25;2,5;0,5;20;3;5;0,05;0,8;1,6;2;12;4;23
-999999,0;0;;;;;paraméter-kényszer nem teljesült;230;14;19;-30;-85;-30;-15;-75;-35;14;1,25;2,5;0,5;18;3;8;0,05;0,9000000000000001;1,8;1;12;4;20
-999999,0;0;;;;;paraméter-kényszer nem teljesült;240;15;16;-25;-85;-40;-15;-75;-35;14;1,25;2,5;0,5;16;15;5;0,05;0,7;1,2;12;12;1;23
-999999,0;0;;;;;paraméter-kényszer nem teljesült;230;17;17;-35;-85;-35;-15;-75;-35;14;1,25;2,5;0,5;18;7;8;0,05;0,9000000000000001;1,6;1;12;4;23
-999999,0;0;;;;;paraméter-kényszer nem teljesült;220;44;19;-35;-85;-35;-15;-75;-35;14;1,25;2,5;0,5;18;3;8;0,05;0,9000000000000001;1,8;1;12;4;23
-999999,0;0;;;;;paraméter-kényszer nem teljesült;100;32;13;-15;-80;-45;-35;-75;-30;14;1,25;2,0;0,3;18;14;3;0,05;1,0;3,8;1;14;2;23
-999999,0;0;;;;;paraméter-kényszer nem teljesült;220;41;19;-35;-85;-35;-15;-75;-30;14;1,25;2,5;0,5;16;3;8;0,05;0,9000000000000001;1,8;1;12;4;23
-999999,0;0;;;;;paraméter-kényszer nem teljesült;220;41;17;-30;-85;-30;-15;-75;-35;14;1,25;2,5;0,5;18;3;8;0,05;0,9000000000000001;1,8;1;12;4;23
-999999,0;0;;;;;nincs értékelhető trade a TEST ablakokban;100;35;10;-10;-95;-65;-10;-90;-50;15;2,75;2,5;0,5;16;10;2;0,05;1,0;1,6;5;14;2;23
-999999,0;0;;;;;paraméter-kényszer nem teljesült;230;29;20;-30;-85;-30;-15;-75;-30;19;1,25;2,5;0,5;18;4;8;0,05;0,2;1,8;1;12;4;23
-999999,0;0;;;;;paraméter-kényszer nem teljesült;220;44;17;-30;-85;-30;-15;-75;-35;14;1,25;2,5;0,5;18;5;8;0,05;0,9000000000000001;1,6;1;12;4;23
-999999,0;0;;;;;paraméter-kényszer nem teljesült;230;42;20;-35;-85;-35;-10;-75;-35;14;1,25;2,5;0,5;18;3;8;0,05;1,0;1,8;1;12;4;23
-999999,0;0;;;;;paraméter-kényszer nem teljesült;230;43;4;-35;-85;-35;-15;-75;-70;14;1,25;2,5;0,5;12;3;8;0,05;0,9000000000000001;1,8;2;12;4;23
-999999,0;0;;;;;paraméter-kényszer nem teljesült;240;42;18;-30;-85;-30;-15;-75;-35;14;1,25;2,5;0,5;20;3;8;0,05;0,8;2,0;2;12;4;23
